country,age,men 1980 [%],men 2000  [%],men 2050 [%],women 1980 [%],women 2000 [%],women 2050 [%],men 1980,men 2000,men 2050,women 1980,women 2000,women 2050
AUSTRALIA,85+,0.371855776594904,0.815521311146345,4.7735233603365,0.970519603941448,1.81540330070878,6.63795076205814,27287,77518,669806,71404,175151,932574
AUSTRALIA,80 - 84,0.670545075946504,1.25160291630034,3.80773092906129,1.32733547759938,1.9693100646566,4.40502878293132,49205,118969,534289,97656,190000,618868
AUSTRALIA,75 - 79,1.39505536885771,2.31017730997479,4.78699999786198,2.06145029369486,2.98240608023446,5.21966314628135,102370,219590,671697,151667,287744,733317
AUSTRALIA,70 - 74,2.31818764087511,3.15177872290823,5.08278760434417,2.92179355023911,3.45813956790642,5.23093786979616,170110,299587,713201,214965,333643,734901
AUSTRALIA,65 - 69,3.34937299504229,3.49314505723157,5.764808087978,3.84426561062651,3.57669203379875,5.73333926490084,245779,332035,808900,282834,345081,805484
AUSTRALIA,60 - 64,3.84690231478075,4.21657068017937,6.00566289591632,4.19207002137742,4.11329793204823,5.89228154778322,282288,400799,842696,308423,396853,827814
AUSTRALIA,55 - 59,4.9858136891767,5.1570955288143,6.30486420381294,5.04236882680811,4.90755177549368,6.12633882893063,365862,490199,884679,370982,473483,860697
AUSTRALIA,50 - 54,5.40341725197123,6.67460186289147,6.27586555860342,5.13816489101431,6.45865293594591,6.0810477520842,396506,634443,880610,378030,623134,854334
AUSTRALIA,45 - 49,5.17995219444921,7.01838789201555,6.24114415298514,4.91240260008568,6.98719502772011,6.02885944854217,380108,667121,875738,361420,674128,847002
AUSTRALIA,40 - 44,5.65082596762632,7.57304506281791,6.2718745924404,5.37119887523895,7.55489529541154,6.05414927975942,414661,719843,880050,395175,728900,850555
AUSTRALIA,35 - 39,6.61381891126537,7.87289785069031,6.18367424023763,6.32304313976222,7.84014467588214,5.95569474967302,485326,748345,867674,465205,756421,836723
AUSTRALIA,30 - 34,8.17429947424796,7.45336485389094,6.04510219367731,7.89216581744163,7.44526691354905,5.81503830309717,599835,708467,848230,580650,718323,816962
AUSTRALIA,25 - 29,8.32035987713374,7.59818884792124,5.86141797602427,8.14641683575053,7.5352954778733,5.59515984091536,610553,722233,822456,599356,727009,786071
AUSTRALIA,20 - 24,8.77676116030668,6.89357372194614,5.67082796156415,8.49638236656511,6.59077291170474,5.36418460224391,644044,655257,795713,625104,635881,753621
AUSTRALIA,15 - 19,9.08312278722169,7.13025143469491,5.43863212485453,8.71287494753507,6.73091523477959,5.16441415390638,666525,677754,763132,641032,649402,725555
AUSTRALIA,10 - 14,8.86426385175373,7.20373651375213,5.28469485856657,8.45086292572706,6.76276623387796,5.02355840666234,650465,684739,741532,621755,652475,705766
AUSTRALIA,5 - 9,9.09286650695143,7.28603769821377,5.15593631273211,8.68994532773997,6.81299400531652,4.89174948617796,667240,692562,723465,639345,657321,687248
AUSTRALIA,0 - 4,7.90257915579867,6.90002273461072,5.04445294900329,7.50673888885264,6.45830053309224,4.7806037742564,579896,655870,707822,552293,623100,671633
AUSTRIA,85+,0.482285591900159,0.942417213953948,4.82131159034079,1.27892458839873,2.61334170041014,7.93863136409861,17204,36516,191868,50930,108110,332082
AUSTRIA,80 - 84,1.12503402546717,1.04348265950778,4.69262970146857,2.35848961843701,2.26517815854531,5.9319683852747,40132,40432,186747,93921,93707,248141
AUSTRIA,75 - 79,2.43730273288628,2.47478719090968,5.25356815202404,4.02129247471029,4.66652275681322,6.00588461132066,86943,95891,209070,160138,193047,251233
AUSTRIA,70 - 74,3.58274503031946,3.54529117868479,5.65700258394037,5.28864069878049,4.61878110610274,5.85922353538536,127803,137370,225125,210607,191072,245098
AUSTRIA,65 - 69,4.16589458174396,4.0186676859239,6.3377275145298,5.69137764260022,4.44741879628674,6.36881997478434,148605,155712,252215,226645,183983,266415
AUSTRIA,60 - 64,3.16521645523454,5.1527892230581,6.5942871875205,4.23481487359414,5.21902056371891,6.44974055213413,112909,199656,262425,168641,215903,269800
AUSTRIA,55 - 59,5.18557931318876,6.13487385014183,6.82363294025175,6.74126097494583,6.02552812539206,6.54459811518405,184979,237709,271552,268454,249267,273768
AUSTRIA,50 - 54,5.91332483549335,6.31808723062871,6.57948663439694,5.78660014484267,5.98322539691442,6.17948733885808,210939,244808,261836,230437,247517,258495
AUSTRIA,45 - 49,5.79695843861021,6.60231443999652,6.42482211066944,5.16536874110428,6.21078990313642,5.94222390305404,206788,255821,255681,205698,256931,248570
AUSTRIA,40 - 44,6.59274087858172,7.92287539967435,6.34280342578779,5.76490387850894,7.29596366703257,5.80306919677542,235175,306989,252417,229573,301823,242749
AUSTRIA,35 - 39,7.43702099781312,9.17496684273974,6.22723849571098,6.53918938329367,8.29474317288352,5.69556555236123,265292,355504,247818,260407,343141,238252
AUSTRIA,30 - 34,7.23649851241078,8.91685766986337,5.99354555165481,6.30133401904249,8.15541007177202,5.53028198609935,258139,345503,238518,250935,337377,231338
AUSTRIA,25 - 29,7.16086455943783,7.16109073256189,5.60325320680745,6.37342890404726,6.77095054714349,5.2092292966436,255441,277472,222986,253806,280104,217908
AUSTRIA,20 - 24,8.30899805756983,6.13709336707687,5.11101545614978,7.37705700191751,5.60066369355033,4.7186378377448,296397,237795,203397,293773,231691,197386
AUSTRIA,15 - 19,9.32862672233341,6.39827373199126,4.69823330647121,8.15011204715322,5.73707186314995,4.23715442610457,332769,247915,186970,324558,237334,177245
AUSTRIA,10 - 14,8.79411501687187,6.22806775307719,4.44421158910951,7.55411761987941,5.54625029823424,4.00610645562134,313702,241320,176861,300824,229440,167580
AUSTRIA,5 - 9,7.10984387952279,6.28376214314491,4.26959521617979,6.1064442933295,5.6017273050092,3.85552485540676,253621,243478,169912,243174,231735,161281
AUSTRIA,0 - 4,6.17695037061478,5.54430168706515,4.12563533698648,5.26664309541435,4.94741287390475,3.72385261314896,220343,214826,164183,209731,204667,155773
BELGIUM,85+,0.606555370453739,0.954446084281039,4.33069750619604,1.27983857348365,2.62845725700689,7.30712770575592,29237,47837,233850,64492,137711,405834
BELGIUM,80 - 84,1.18504119149325,1.24610511097628,3.97801927952083,2.19574116112229,2.25078747213571,4.97898161433662,57121,62455,214806,110645,117924,276530
BELGIUM,75 - 79,2.30282334440487,3.02610705430568,4.83195467703293,3.65128665530347,4.37079244232887,5.30399371834121,111000,151669,260917,183991,228996,294581
BELGIUM,70 - 74,3.33899011860578,4.00990260009094,5.33998984781538,4.6227550186314,4.94631561528186,5.4277795592936,160945,200977,288350,232944,259149,301456
BELGIUM,65 - 69,4.17887750846962,4.79250170141083,5.74772543470406,5.04243538444472,5.25836510802249,5.63399326641036,201429,240201,310367,254092,275498,312909
BELGIUM,60 - 64,3.74623716590909,5.0383109235264,6.08447721341977,4.0819809516552,5.14437895775966,5.84724701189983,180575,252521,328551,205694,269526,324753
BELGIUM,55 - 59,6.09443235404561,5.16486675923087,6.32133682900347,6.24583132651581,5.01997143475009,6.0469248266143,293762,258864,341341,314732,263008,335843
BELGIUM,50 - 54,6.30427972457403,6.86031192631629,6.16572061713875,6.23650421416796,6.46959201852638,5.8767755615961,303877,343840,332938,314262,338957,326393
BELGIUM,45 - 49,6.40713916729078,7.23383420287681,6.09245895652506,6.19840196798102,6.78969612536797,5.76932044904282,308835,362561,328982,312342,355728,320425
BELGIUM,40 - 44,6.10874720186217,7.85903160344428,6.05705038850348,5.80922324403715,7.37680496362731,5.73213968372403,294452,393896,327070,292731,386488,318360
BELGIUM,35 - 39,5.98024551001313,8.20841190283273,6.08599578171359,5.53798287899382,7.64730257272391,5.74739009932936,288258,411407,328633,279063,400660,319207
BELGIUM,30 - 34,7.79870834431151,7.6471408616531,6.12807123492752,7.07231270513446,7.09361465695456,5.77997953527464,375911,383276,330905,356379,371651,321017
BELGIUM,25 - 29,8.1294228211868,6.94442975752077,5.9935668261719,7.33323371183549,6.49156088305292,5.65885846588021,391852,348056,323642,369527,340108,314290
BELGIUM,20 - 24,8.39713122151293,6.36999036515638,5.66700056650005,7.68893405592656,5.97287809112517,5.35777529025754,404756,319265,306008,387451,312933,297568
BELGIUM,15 - 19,8.42424644773939,6.22388152314727,5.4041400986662,7.74975873538645,5.71104587255425,5.00951845597374,406063,311942,291814,390516,299215,278226
BELGIUM,10 - 14,7.67356752977592,6.2555653741797,5.30108116506782,7.07134030405989,5.69249353865346,4.87896265484708,369879,313530,286249,356330,298243,270975
BELGIUM,5 - 9,6.94490028359996,6.28491483568392,5.25865384846874,6.35537528430328,5.74381784509297,4.8443566350201,334756,315001,283958,320252,300932,269053
BELGIUM,0 - 4,6.37875842553271,5.88032722155571,5.21205972862444,5.82718289653672,5.39220149208863,4.79887546640254,307467,294723,281442,293636,282510,266527
CANADA,85+,0.517711919199695,0.804878214092275,4.09733437706704,1.01759999895979,1.83325614457481,6.03797195377302,63217,122315,838048,125218,284014,1262741
CANADA,80 - 84,0.759447851479566,1.21696743683122,3.49034270087755,1.27668499925398,2.00924651399967,4.10813103412991,92735,184939,713897,157099,311279,859147
CANADA,75 - 79,1.44469117411612,2.19948937628535,4.38850224751342,1.9875779627976,3.03339879585537,4.74149262695133,176409,334250,897602,244576,469944,991604
CANADA,70 - 74,2.24328455565524,3.01827191663669,5.32224006921458,2.77540570560741,3.52450648950367,5.44668400489066,273924,458678,1088584,341520,546028,1139083
CANADA,65 - 69,3.1594537478774,3.61692126894053,6.1038522857685,3.61865704560696,3.82038202787509,6.09661875942282,385796,549653,1248451,445284,591866,1275006
CANADA,60 - 64,3.692750174128,4.03994048974683,6.33026349093526,4.07752704785316,4.13104553383692,6.28011416641922,450916,613938,1294760,501749,639995,1313381
CANADA,55 - 59,4.63121921537781,5.08479171378487,6.60400157567219,4.9555766053258,5.0598538308485,6.48100039544157,565511,772721,1350749,609795,783889,1355393
CANADA,50 - 54,5.07091032602576,6.69961502849071,6.34550783086293,5.05327491697025,6.61598565741424,6.21033092290898,619201,1018121,1297878,621817,1024970,1298787
CANADA,45 - 49,5.2775708806393,7.5666975000969,6.16414516581593,5.06811413815331,7.51935555186197,6.01606726427594,644436,1149889,1260783,623643,1164923,1258160
CANADA,40 - 44,5.53890414627325,8.55200293695168,6.27794479896417,5.2960172700579,8.40056608675586,6.10360951603594,676347,1299623,1284059,651687,1301443,1276468
CANADA,35 - 39,6.69162535434689,8.90035467547612,6.42803163254315,6.37833772767152,8.59925801969685,6.21048393536563,817104,1352561,1314757,784869,1332225,1298819
CANADA,30 - 34,8.36193563999871,7.48895698404174,6.34538560235164,8.12344151607756,7.22212450358484,6.15918650927423,1021063,1138075,1297853,999608,1118875,1288091
CANADA,25 - 29,9.0627470908033,6.91987982398031,5.90695682150721,8.93338993800034,6.61027315138302,5.7297283598547,1106638,1051594,1208179,1099274,1024085,1198277
CANADA,20 - 24,10.0224267853699,6.97131201235741,5.52589232557979,9.75732428525502,6.52231346812051,5.24603685783182,1223823,1059410,1130238,1200661,1010458,1097121
CANADA,15 - 19,10.1039854326216,7.08937704867547,5.31775672742059,9.62130079995267,6.5732935501934,4.93621054131504,1233782,1077352,1087667,1183923,1018356,1032326
CANADA,10 - 14,8.27169618482587,6.93019126706973,5.19866704430388,7.80383752336812,6.47025543293211,4.80279802403539,1010044,1053161,1063309,960280,1002393,1004425
CANADA,5 - 9,7.62099592616236,6.86793436657897,5.12797496251618,7.1666286882291,6.41048390089932,4.74017289451273,930588,1043700,1048850,881870,993133,991328
CANADA,0 - 4,7.52864359509927,6.03241793996319,5.025200341086,7.08930383085953,5.64440134066385,4.65336223356108,919311,916729,1027829,872355,874449,973173
CZECH REPUBLIC,85+,0.304607487588901,0.669730279641696,4.13438872495289,0.842270135576277,1.67485369825439,6.21639309539707,15264,33482,191122,44773,88318,300536
CZECH REPUBLIC,80 - 84,0.809273286438202,0.790746592640688,3.681367258675,1.80348861205553,1.57519840506018,4.83809114850291,40553,39532,170180,95869,83063,233901
CZECH REPUBLIC,75 - 79,1.94332951709216,2.29746969891541,5.95017369572455,3.31823167855993,3.95839168683319,7.13179987804505,97381,114858,275061,176389,208733,344792
CZECH REPUBLIC,70 - 74,3.39408653574638,3.27310121404365,7.48582171738443,4.71577592111597,4.61975769066732,8.29759076915185,170079,163633,346050,250679,243608,401153
CZECH REPUBLIC,65 - 69,4.3352486380569,3.91192732780379,7.12612154828555,5.30604036718787,4.76100081601661,7.35068171494809,217241,195570,329422,282056,251056,355374
CZECH REPUBLIC,60 - 64,3.14114498011291,4.28903816234428,7.41882680376288,3.63481899930264,4.72618309607282,7.30681019953783,157404,214423,342953,193218,249220,353253
CZECH REPUBLIC,55 - 59,5.82735436702848,6.03425341736066,7.21831797122875,6.3830655788559,6.17965222862802,6.86602661000808,292011,301672,333684,339308,325864,331943
CZECH REPUBLIC,50 - 54,5.88309131100357,7.8906436587652,5.94537134802549,6.0466127752738,7.72048804733845,5.56189875753221,294804,394479,274839,321423,407115,268894
CZECH REPUBLIC,45 - 49,5.70097339094747,7.96273337645915,6.07988034799282,5.55360642226981,7.59932769182601,5.60692859678168,285678,398083,281057,295216,400726,271071
CZECH REPUBLIC,40 - 44,5.42450378055329,7.02484694936878,6.18635402085214,5.15328684383943,6.54872764559202,5.66850591944851,271824,351195,285979,273936,345326,274048
CZECH REPUBLIC,35 - 39,7.0246709315174,6.9416557351931,5.94106654085381,6.51059219643953,6.33731809116212,5.41400562448961,352009,347036,274640,346087,334178,261744
CZECH REPUBLIC,30 - 34,8.73742950314296,7.03226794971962,5.58093372781808,7.97815474120035,6.38882404288724,5.05943442356428,437836,351566,257992,424099,336894,244602
CZECH REPUBLIC,25 - 29,8.53074581937997,8.6385644784917,5.10476581091859,7.749400696383,7.85528344677222,4.61159746922789,427479,431870,235980,411939,414223,222951
CZECH REPUBLIC,20 - 24,7.28938649250186,8.88431760601329,4.63290270119079,6.58424121662538,8.08878594441264,4.21133452971638,365274,444156,214167,350002,426536,203600
CZECH REPUBLIC,15 - 19,7.01030265380094,7.06851283553023,4.45091102915393,6.28618372599329,6.39675095298337,4.03388345441954,351289,353378,205754,334158,337312,195021
CZECH REPUBLIC,10 - 14,7.03083731737071,6.60659056840862,4.43434076637249,6.30999973098825,5.97607476479549,4.01535027299211,352318,330285,204988,335424,315129,194125
CZECH REPUBLIC,5 - 9,8.64459446434163,6.03099297785341,4.386165864004,7.76187305918842,5.41825165360465,3.97073412082807,433184,301509,202761,412602,285714,191968
CZECH REPUBLIC,0 - 4,8.96841952337629,4.65260717144671,4.24229012280382,8.06235729914464,4.17513009709327,3.83893341540885,449411,232599,196110,428575,220162,185596
DENMARK,85+,0.748070404672237,1.06285889567757,2.6135933592883,1.41039042733778,2.58299927630766,4.75175889889904,18916,27997,65502.9048872097,36591,69635,125808.945905698
DENMARK,80 - 84,1.28642324981937,1.55171248712095,3.06760574364286,2.16825702246541,2.60877919297362,4.45350681996181,32529,40874,76881.5418600593,56253,70330,117912.33741532
DENMARK,75 - 79,2.29815327533903,2.62584648698883,4.11438930799909,3.36911826604193,3.67588227591781,5.2347732717586,58112,69168,103116.443326212,87408,99098,138597.374443358
DENMARK,70 - 74,3.51695121367661,3.33416599534873,4.72454827953096,4.43322278703108,3.96784446883542,5.39345338291443,88931,87826,118408.487490731,115015,106969,142798.635059788
DENMARK,65 - 69,4.47845659265716,3.92312884520914,4.76278904098496,5.05306068329024,4.27182492506205,5.03380909125099,113244,103340,119366.892497169,131096,115164,133276.588550723
DENMARK,60 - 64,4.92185717296933,4.84514384679221,5.69812586616038,5.21151809212809,4.91840007240633,5.62573589171105,124456,127627,142808.671945849,135207,132595,148948.614089828
DENMARK,55 - 59,5.4833054461313,6.38068396224624,6.92576920894946,5.67170369273987,6.1935971589419,6.63948679591186,138653,168075,173576.352324417,147146,166973,175788.976865389
DENMARK,50 - 54,5.32314023472706,7.6947840684676,7.23394758690022,5.34484433323003,7.3476842772554,6.84151260861774,134603,202690,181300.040061632,138666,198086,181137.87083982
DENMARK,45 - 49,5.36395270341081,7.03600668458029,6.9957910067617,5.27291985624355,6.73356585952653,6.60861965612648,135635,185337,175331.266165863,136800,181530,174971.729525583
DENMARK,40 - 44,5.96253557743909,7.21283980013075,6.43966120802311,5.6975672104558,6.81023792822945,6.07249349473831,150771,189995,161393.3223835,147817,183597,160777.097880375
DENMARK,35 - 39,7.53539750039448,7.82401118854784,6.06811969089571,7.02200287697908,7.31296484991823,5.7146060755226,190543,206094,152081.602726899,182178,197150,151301.566835466
DENMARK,30 - 34,8.37573097622871,8.04920956584395,6.10783789114728,7.76792060401143,7.4993221180186,5.7280098746139,211792,212026,153077.035885667,201530,202174,151656.449705302
DENMARK,25 - 29,7.57095022262964,7.36856531322391,6.40114919238664,7.02867111627097,7.02192999213249,5.97209232996559,191442,194097,160428.119098036,182351,189304,158118.847540551
DENMARK,20 - 24,7.52036965339853,6.5379280078903,6.46228081944549,6.99571536716945,6.21574192189093,5.81121671669481,190163,172217,161960.223982909,181496,167570,153859.458173759
DENMARK,15 - 19,7.99999525436411,5.44371141503697,6.0978281884106,7.44869310218826,5.11662723019463,5.47510995955745,202291,143394,152826.168778135,193248,137939,144960.598251167
DENMARK,10 - 14,7.90773218320211,5.81856117522271,5.65061183824364,7.32889606334904,5.39645987958739,5.07629178057676,199958,153268,141617.85668747,190140,145483,134401.37254693
DENMARK,5 - 9,7.35423285016169,6.65375407820898,5.35202417348944,6.86597378649608,6.17738734083684,4.81273228706663,185962,175268,134134.535177113,178130,166536,127423.295003974
DENMARK,0 - 4,6.35286412967608,6.63708818346303,5.28392759774022,5.90975598098665,6.14875123196472,4.75479106411194,160641,174829,132427.87200834,153322,165764,125889.226390748
GERMANY,85+,0.496353022287802,0.971661254979419,4.92303140775348,1.21403326995246,2.93208386420707,8.07597869282894,184878,389866,1801148,498255,1234051,3126952
GERMANY,80 - 84,1.10704459493418,1.00933230059256,4.91829737679199,2.32687821732339,2.33284913973268,6.18258329962695,412344,404981,1799416,954981,981846,2393845
GERMANY,75 - 79,2.46527531674796,2.35501482492098,4.88397565232118,4.02667342603719,4.52371192749033,5.57093797281972,918248,944918,1786859,1652599,1903933,2157021
GERMANY,70 - 74,3.58935471261257,3.78464284434314,5.54490869319781,5.54785585845399,4.89350275167312,5.91561219118044,1336937,1518537,2028669,2276912,2059570,2290476
GERMANY,65 - 69,4.05935681746426,4.79191152430933,6.47067140722104,6.01189090101124,5.1374448985845,6.51097101226677,1512000,1922690,2367370,2467358,2162240,2520994
GERMANY,60 - 64,3.02971384756149,6.86214919508577,7.16329676276194,4.28535677125409,6.82069798389312,6.95665979005594,1128486,2753345,2620775,1758766,2870685,2693561
GERMANY,55 - 59,4.80937131516717,6.40985240277468,6.74502380777517,6.41254100717139,6.1264833497783,6.44692005415095,1791360,2571867,2467745,2631790,2578505,2496194
GERMANY,50 - 54,6.05339503985257,6.02218332358264,6.69045672110356,5.97425807473872,5.65573226742313,6.30911751700469,2254725,2416320,2447781,2451913,2380376,2442838
GERMANY,45 - 49,6.63479319832213,7.13699704418745,6.36607720236919,5.82039597822652,6.69771949375981,5.95530312361285,2471280,2863624,2329103,2388766,2818926,2305844
GERMANY,40 - 44,8.48814732243536,8.03948214686529,6.19135811394457,7.34599347579098,7.31971138082422,5.7551619584004,3161604,3225734,2265180,3014891,3080709,2228351
GERMANY,35 - 39,7.49183296068867,9.21762509466361,6.19705972398249,6.47041685841459,8.28019051960081,5.72164109608648,2790504,3698448,2267266,2655543,3484954,2215372
GERMANY,30 - 34,6.72517563698611,8.76896954599399,6.09849512207582,5.77243209443405,7.85338086185827,5.58968062616837,2504945,3518431,2231205,2369081,3305319,2164278
GERMANY,25 - 29,7.69081124849922,6.47638672190723,5.71447829297841,6.67297380977019,5.88731217618919,5.20327255973533,2864618,2598563,2090708,2738675,2477843,2014664
GERMANY,20 - 24,8.28931938117361,5.82459414090252,5.06857279380286,7.05625848033019,5.34188870858876,4.58296744008285,3087546,2337040,1854396,2895980,2248286,1774487
GERMANY,15 - 19,9.17058641597454,5.90956396942312,4.55317567242714,7.86287285219081,5.34984587475226,4.08274495339789,3415794,2371133,1665832,3227025,2251635,1580805
GERMANY,10 - 14,8.38694798653754,6.04952131229125,4.28582592044308,7.23773909971705,5.46862362741854,3.82479005038615,3123910,2427289,1568019,2970462,2301626,1480927
GERMANY,5 - 9,5.98849365644955,5.322419039901,4.15813008182302,5.19721391845877,4.81593404347972,3.71448551933098,2230551,2135549,1521300,2133004,2026923,1438218
GERMANY,0 - 4,5.52403558058468,5.047693313276,4.02716524722725,4.76422808957524,4.56288713074615,3.60117214286432,2057553,2025319,1473385,1955301,1920421,1394344
FINLAND,85+,0.298639353924634,0.739732339370371,4.13200032239175,0.807097761513852,2.22786577485118,6.76923354996718,6901,18687,108173,19925,59039,179766
FINLAND,80 - 84,0.724333503259025,1.13364663856631,4.27081212544401,1.64805919824103,2.55574947406157,5.2414622050562,16738,28638,111807,40686,67728,139194
FINLAND,75 - 79,1.57135104772604,2.26076168640131,4.79103170325597,2.9495828205849,3.95075518155489,5.20245079045184,36311,57111,125426,72817,104696,138158
FINLAND,70 - 74,2.74955059126351,3.476152172605,5.72623516339035,4.37007488084928,4.60859803209404,5.83356209235237,63537,87814,149909,107885,122129,154918
FINLAND,65 - 69,3.59423129685037,4.10607461689251,6.14267057254712,5.04823953446358,4.62701295270799,6.03720468905154,83056,103727,160811,124627,122617,160326
FINLAND,60 - 64,3.77351876871094,4.89315109271534,6.13667347483683,4.94575735947587,5.07380119055481,5.92645896477412,87199,123610,160654,122097,134457,157385
FINLAND,55 - 59,4.9721440150527,5.82978120358612,6.44229626961423,5.80174681474868,5.65534287412383,6.19581094224993,114897,147271,168655,143229,149868,164538
FINLAND,50 - 54,5.87831820302283,8.50884179458028,6.02926048909579,5.84298272547496,7.95871737059084,5.74379065179564,135837,214949,157842,144247,210908,152534
FINLAND,45 - 49,5.82868201421664,8.0423278747708,5.91180140973814,5.46278600830713,7.50079716229092,5.58469487312441,134690,203164,154767,134861,198773,148309
FINLAND,40 - 44,6.26908959353717,7.72410085726139,5.99919860439515,5.764966650761,7.1414797973604,5.65081846776268,144867,195125,157055,142321,189251,150065
FINLAND,35 - 39,7.0340581284344,7.66207053801307,6.00607425782096,6.2918384492057,7.02766955028726,5.64076436766677,162544,193558,157235,155328,186235,149798
FINLAND,30 - 34,9.85657002251155,7.10874583957463,5.95618757240923,8.66991099038288,6.51495740606221,5.58823451885106,227767,179580,155929,214036,172648,148403
FINLAND,25 - 29,9.03348343916905,6.18387259202022,5.80622193157732,8.015807369157,5.62670163489024,5.46001650077402,208747,156216,152003,197888,149109,144998
FINLAND,20 - 24,8.51842684006588,6.62441849049792,5.55793444675628,7.58611135640222,6.04911274421939,5.23773428030153,196845,167345,145503,187280,160303,139095
FINLAND,15 - 19,8.43382461764556,6.72187774128884,5.38848778788456,7.56994914777768,6.12016867765398,5.07728289262861,194890,169807,141067,186881,162186,134834
FINLAND,10 - 14,7.74108171406266,6.42273088579454,5.29998284906451,6.9593498174359,5.85352968368223,4.99617228736049,178882,162250,138750,171807,155120,132680
FINLAND,5 - 9,6.63528090101583,6.61198867540923,5.24241835066062,5.92800647460508,6.07047103329214,4.94360478273918,153329,167031,137243,146346,160869,131284
FINLAND,0 - 4,7.08763232350159,5.9498833022456,5.1607126691172,6.3379351745559,5.43745813718739,4.87070314309244,163782,150305,135104,156466,144094,129348
France ,85+,0.522970496438882,1.20311971117157,5.60066868421947,1.58921918049817,2.97855746986273,9.43364494860675,137606,344175,1737647,438110,902170,3109822
France ,80 - 84,1.1406796564188,1.21404016145907,4.40554680689619,2.34280601456215,2.02385876796863,5.51617095131348,300140,347299,1366852,645856,613003,1818418
France ,75 - 79,2.2921527099997,2.93553169501643,5.22138642066679,3.60681402163538,4.16186525306711,5.83487349182724,603120,839764,1619972,994313,1260580,1923479
France ,70 - 74,3.27033473174969,3.7230380846509,5.24035778589535,4.42375415278777,4.5944802807293,5.44325167899673,860503,1065045,1625858,1219524,1391614,1794380
France ,65 - 69,3.86952789490788,4.34653497153604,5.79293505843187,4.66533462112407,4.82330726420106,5.7689858724446,1018165,1243408,1797299,1286122,1460923,1901759
France ,60 - 64,3.10167649961617,4.51610257798483,5.98452779769137,3.38814448512904,4.59897698897049,5.79400921371013,816125,1291916,1856742,934031,1392976,1910008
France ,55 - 59,5.57674308708565,4.82976489675787,5.87623372696177,5.80819327714327,4.62680903777608,5.57022488730699,1467374,1381645,1823143,1601181,1401406,1836237
France ,50 - 54,5.95714952917795,7.10636067639535,6.02450754867593,5.84136261860198,6.74116983680746,5.63719243267951,1567468,2032908,1869146,1610325,2041821,1858313
France ,45 - 49,6.15079599593849,7.25660425941607,6.05943342594686,5.81766453157773,6.99149980175856,5.64687839808875,1618421,2075888,1879982,1603792,2117643,1861506
France ,40 - 44,5.83695897099096,7.3191521521799,5.92796824671774,5.38916191042348,7.09856239709282,5.48980983656048,1535843,2093781,1839194,1485664,2150071,1809728
France ,35 - 39,5.84513382919365,7.52441397049989,5.85340427063932,5.28931653382123,7.23640202196038,5.39119985298446,1537994,2152500,1816060,1458139,2191821,1777221
France ,30 - 34,8.32730353613354,7.3718667457572,5.74179359528515,7.56470651480835,7.02008460348558,5.27726159405206,2191112,2108861,1781432,2085410,2126301,1739661
France ,25 - 29,8.17600215077441,7.22871236670033,5.54567557624636,7.61412680221358,6.80766631308189,5.11313711158991,2151301,2067909,1720585,2099034,2061962,1685557
France ,20 - 24,8.06027717063863,6.58291664742596,5.50790044874402,7.59339959124518,6.09570071441865,5.04276901274925,2120851,1883167,1708865,2093320,1846316,1662360
France ,15 - 19,8.39456464281476,6.99904033571785,5.54856028094897,7.74171123766697,6.3316260258776,4.97661141186915,2208810,2002207,1721480,2134206,1917775,1640551
France ,10 - 14,8.28242732708778,6.86345057075258,5.38517640823387,7.49490362354742,6.19483959479046,4.82209705731695,2179304,1963419,1670789,2066167,1876344,1589615
France ,5 - 9,8.126242309562,6.48137813286098,5.22472558722757,7.39974853112125,5.83342574916166,4.68812253107229,2138208,1854120,1621008,2039935,1766876,1545450
France ,0 - 4,7.06907086294692,6.49796505239177,5.05919833057143,6.42965048930945,5.84116787898955,4.55375971683127,1860041,1858865,1569652,1772502,1769221,1501157
GREECE,85+,0.69536565851956,1.0608154227779,4.16284253935396,1.05533157553378,1.62113359601063,5.56593292670296,32914,57348,218395,51808,89348,298242
GREECE,80 - 84,1.17925260762122,1.48550784956798,5.09578664562324,1.64451491576577,2.02253417066864,6.22147091257808,55818,80307,267340,80732,111471,333368
GREECE,75 - 79,2.32533622685222,2.68966320941615,6.50895536754986,2.93697424899698,3.35071411308671,7.44852843610166,110066,145404,341479,144181,184673,399118
GREECE,70 - 74,3.43774381583226,4.47509540272621,7.43233081631895,3.88481306812071,5.29285204697419,7.88720849918828,162720,241925,389922,190712,291713,422624
GREECE,65 - 69,4.27360232326581,5.31356651738892,7.28918217523033,4.80437825717107,5.92118011732661,7.38244462331387,202284,287253,382412,235855,326343,395577
GREECE,60 - 64,4.04513771151304,5.54602915633099,6.39935421092409,4.57293374355899,6.20159623997451,6.32532756837137,191470,299820,335729,224493,341798,338933
GREECE,55 - 59,4.97779896085996,5.09889882224109,6.17386174433576,5.1493450621368,5.31222988061948,6.04908566018588,235616,275648,323899,252790,292781,324131
GREECE,50 - 54,6.57153716289375,6.22501169989808,5.93800005527711,6.80339316152961,6.312819199006,5.74570851794406,311053,336526,311525,333990,347928,307875
GREECE,45 - 49,6.95266362821832,6.49541345497528,6.06788219114632,7.17166330425033,6.40007388252678,5.73794492965835,329093,351144,318339,352069,352737,307459
GREECE,40 - 44,6.58038926871254,7.10367866992969,6.20739016772789,6.93706143281305,7.08421301682388,5.83582959446262,311472,384027,325658,340552,390443,312704
GREECE,35 - 39,5.76531947756942,7.22056666352203,5.99495453458107,5.92526065516601,7.06585124936224,5.61208521956491,272892,390346,314513,290881,389431,300715
GREECE,30 - 34,6.84160033397157,8.06739881206727,5.53211361541812,6.79074336017834,7.70631768180146,5.15571313317335,323836,436126,290231,333369,424730,276261
GREECE,25 - 29,6.95838897589586,8.01965582876899,5.05509125964133,6.52261238564254,7.42769781901394,4.68028666303246,329364,433545,265205,320206,409374,250786
GREECE,20 - 24,7.4889660296742,8.10184183217629,4.7399736385392,6.9916735381637,7.25777889383778,4.35768717479477,354478,437988,248673,343233,400009,233500
GREECE,15 - 19,7.89694458687391,7.12683799386981,4.58228140049311,7.14962290962542,6.33773096454437,4.20224744683388,373789,385279,240400,350987,349301,225171
GREECE,10 - 14,8.4981483465048,5.79112583540972,4.47014512146191,7.67356097815353,5.23221466865719,4.10438144450145,402246,313070,234517,376708,288371,219927
GREECE,5 - 9,7.673275746054,5.30383664167606,4.30073032492454,6.92657085681321,4.90143069376273,3.95599613089634,363202,286727,225629,340037,270140,211976
GREECE,0 - 4,7.83852913916757,4.87516717443299,4.04912419145321,7.05954654638016,4.55170434215884,3.73212111869575,371024,263553,212429,346565,250865,199980
HUNGARY,85+,0.379635194034695,0.74967549055166,2.52346729194168,0.839731146971058,1.71254053436047,4.48436464864793,19697,36420,106878,46376,91670,201039
HUNGARY,80 - 84,0.987259661067126,0.936641511438006,3.04498103232238,1.7587529333372,1.78401626343719,4.47548688298971,51223,45503,128966,97131,95496,200641
HUNGARY,75 - 79,2.03644590376767,2.42537106054998,4.90564799286389,3.0404040038242,4.09347067533542,6.34793703478166,105659,117827,207772,167913,219118,284585
HUNGARY,70 - 74,3.3705175504905,3.4410763709778,6.68714818540937,4.47857215285222,5.00785934114547,7.76300380762462,174876,167171,283225,247339,268064,348024
HUNGARY,65 - 69,4.41640798072316,4.23163202419381,6.45899772935637,5.41883347336095,5.43964672382981,6.99030360620194,229141,205577,273562,299267,291177,313383
HUNGARY,60 - 64,3.44699581875113,4.66896331118614,6.70870477925977,4.02013862734305,5.66418064640512,6.84163449034264,178844,226823,284138,222021,303196,306718
HUNGARY,55 - 59,5.97594403826072,5.79341479450205,6.79826026718371,6.61214039458818,6.21274659219939,6.61759359016397,310056,281450,287931,365170,332560,296674
HUNGARY,50 - 54,6.34960436758755,6.72892417656113,6.10535625871974,6.55771069328157,6.71679433036433,5.72582426039067,329443,326898,258584,362164,359541,256695
HUNGARY,45 - 49,6.29293952164848,8.17080415355627,6.23235835983834,6.34120505837703,7.88224476383306,5.67813415240759,326503,396946,263963,350207,421926,254557
HUNGARY,40 - 44,6.08435892207273,7.43275871935171,6.48666950152797,6.16033403829997,6.98666845013494,5.82577719484911,315681,361091,274734,340218,373987,261176
HUNGARY,35 - 39,6.87851481053319,6.32619488022277,6.52973546777455,6.50795260306516,5.76431392080429,5.83666249545516,356885,307333,276558,359416,308556,261664
HUNGARY,30 - 34,7.52486025562399,7.19840793791485,6.32554989973705,6.93363052988383,6.36516961194246,5.65390989737035,390420,349706,267910,382925,340719,253471
HUNGARY,25 - 29,8.81360002559555,8.04970747835266,5.89755824943458,8.04216038473795,7.04665500686922,5.27497652299408,457285,391063,249783,444146,377198,236483
HUNGARY,20 - 24,7.73371068779944,8.72799706552065,5.43561437354956,6.97864458093114,7.54720928937881,4.85013751614393,401256,424015,230218,385411,403992,217437
HUNGARY,15 - 19,6.40948793096603,7.10042728621178,5.16175354981379,5.67041240548136,6.17194601919794,4.5839160761168,332550,344946,218619,313161,330376,205502
HUNGARY,10 - 14,7.07221606961064,6.59224528426945,5.04256659936822,6.24034895848423,5.73143433816576,4.4726986400066,366935,320258,213571,344637,306796,200516
HUNGARY,5 - 9,7.86224737404696,6.20563339345283,4.9333433757626,6.96968160616508,5.37762387476167,4.37731842404045,407925,301476,208945,384916,287857,196240
HUNGARY,0 - 4,8.36525388742044,5.22012506118645,4.72228708613642,7.42934640901585,4.49547961783463,4.20032075947278,434023,253599,200006,410302,240637,188305
IRELAND,85+,0.468110005851375,0.626692867385416,3.43862960496626,0.868794326241135,1.44760306304416,5.40542204452943,8000,11800,93568,14700,27600,149261
IRELAND,80 - 84,0.883557636044471,1.11530086568591,3.45604913336009,1.41843971631206,1.82523864470786,4.04915040632741,15100,21000,94042,24000,34800,111810
IRELAND,75 - 79,1.70275014628438,1.95974294970524,5.02678344365701,2.32860520094563,2.72736808979335,5.38669911491605,29100,36900,136783,39400,52000,148744
IRELAND,70 - 74,2.75014628437683,2.67141112114292,6.26963371950296,3.16193853427896,3.20465750550719,6.41446844262889,47000,50300,170602,53500,61100,177124
IRELAND,65 - 69,3.77998829724985,3.36183546656753,6.56253169692667,4.0839243498818,3.46165949858387,6.57975171294888,64600,63300,178572,69100,66000,181688
IRELAND,60 - 64,3.9672322995904,3.97259546444315,6.04060734618997,4.16666666666667,3.92845903702927,5.91568525198094,67800,74800,164370,70500,74900,163351
IRELAND,55 - 59,4.36512580456407,4.68426363588082,5.6703137426114,4.55082742316785,4.51589216406168,5.49936262367274,74600,88200,154294,77000,86100,151855
IRELAND,50 - 54,4.41193680514921,6.05980137022678,5.90628587724598,4.43853427895981,5.81139200671352,5.71726565555604,75400,114100,160715,75100,110800,157872
IRELAND,45 - 49,4.54651843183148,6.36252589091295,6.36742562890378,4.39125295508274,6.25721179062205,6.18964842901221,77700,119800,173263,74300,119300,170916
IRELAND,40 - 44,4.88004681100059,6.88831058473631,6.70916443593803,4.66903073286052,6.86037973355712,6.47237553054336,83400,129700,182562,79000,130800,178723
IRELAND,35 - 39,5.58221181977765,7.33974188751394,6.47440505328024,5.34869976359338,7.44781286058953,6.26117219300914,95400,138200,176174,90500,142000,172891
IRELAND,30 - 34,6.74663545933294,7.30256519199108,5.8386657670252,6.51891252955083,7.34291408790517,5.69249489374647,115300,137500,158875,110300,140000,157188
IRELAND,25 - 29,7.18548858981861,7.75399649476871,5.1892554584864,7.06855791962175,7.51599706283437,5.05026581490012,122800,146000,141204,119600,143300,139454
IRELAND,20 - 24,8.06904622586308,8.35944553614106,5.07533027278835,7.85460992907801,8.10343018986678,4.85014413396492,137900,157400,138104,132900,154500,133928
IRELAND,15 - 19,9.61380924517261,8.97020553401668,5.44617512726546,9.29078014184397,8.41812650791986,5.10259585995104,164300,168900,148195,157200,160500,140899
IRELAND,10 - 14,10.1579871269748,8.03547718944182,5.67053424297082,9.73404255319149,7.54222175600545,5.2925774629525,173600,151300,154300,164700,143800,146145
IRELAND,5 - 9,10.4681100058514,7.25476658346168,5.57858559309452,10.0768321513002,6.82366516311759,5.20761809569336,178900,136600,151798,170500,130100,143799
IRELAND,0 - 4,10.4212990052662,7.28663232248128,5.27962385578689,10.0295508274232,6.76072589950698,4.91330233366651,178100,137200,143663,169700,128900,135672
ICELAND,85+,0.698066624939147,0.843531033698603,2.58533537797467,1.16504167808431,1.55159645674898,3.81249720245289,803,1187,4552,1318,2179,6814
ICELAND,80 - 84,1.0631824188052,1.22656660839409,2.93008462543307,1.55663004181068,1.76379275969125,3.59372901839667,1223,1726,5159,1761,2477,6423
ICELAND,75 - 79,1.72386814103902,2.10776162253585,4.20230590106208,2.17274085336209,2.6161383121137,4.62882144935321,1983,2966,7399,2458,3674,8273
ICELAND,70 - 74,2.35499687043605,2.90225841754431,5.01448287612881,2.73316302627973,3.22780483636674,5.25659102099279,2709,4084,8829,3092,4533,9395
ICELAND,65 - 69,2.93831281730301,3.33717079549169,5.47793491225081,3.33955042473636,3.57386994787661,5.50948927979947,3380,4696,9645,3778,5019,9847
ICELAND,60 - 64,3.52945267403853,3.39189016330533,5.78406315669904,3.74263009484748,3.47916488649634,5.72378138847858,4060,4773,10184,4234,4886,10230
ICELAND,55 - 59,4.2735934348703,4.41876661123666,6.27250525359232,4.35078538659407,4.42550343216839,6.25419632066604,4916,6218,11044,4922,6215,11178
ICELAND,50 - 54,4.76476110995201,5.85141915035745,5.98511955472255,4.75209716341522,5.51781594462958,6.01360726914641,5481,8234,10538,5376,7749,10748
ICELAND,45 - 49,4.86038667501217,6.72124390625222,5.92832396206054,4.87850153364743,6.48836480674471,5.85694463094759,5591,9458,10438,5519,9112,10468
ICELAND,40 - 44,4.63436261214271,7.5661962222317,6.04475492701766,4.6486754059525,7.30724315702526,5.93247840293631,5331,10647,10643,5259,10262,10603
ICELAND,35 - 39,5.77491480631477,7.5932005855683,6.12540466859772,5.70145586012428,7.6476117234897,5.97556062844098,6643,10685,10785,6450,10740,10680
ICELAND,30 - 34,7.39098685583142,7.25493540272034,6.19469529164537,6.93367748322711,7.19046398359395,5.99010787341659,8502,10209,10907,7844,10098,10706
ICELAND,25 - 29,8.40983378538146,7.56264301652951,6.23445220650877,7.99264556391376,7.37204135691703,6.00857168434716,9674,10642,10977,9042,10353,10739
ICELAND,20 - 24,9.63731831142639,7.74385650734092,6.27648094507866,9.2018845742471,7.59634281808083,6.0018575712815,11086,10897,11051,10410,10668,10727
ICELAND,15 - 19,9.99982613533625,7.69837547435296,6.2435395013347,9.76672648038965,7.42971887550201,5.89946734703012,11503,10833,10993,11049,10434,10544
ICELAND,10 - 14,9.31479936017804,7.79502266945238,6.19299142386551,9.04984575131045,7.42687060297929,5.81498142428718,10715,10969,10904,10238,10430,10393
ICELAND,5 - 9,9.3652201126643,8.22851376511889,6.22593286760947,8.99504105932166,7.89754763735794,5.84519493308267,10773,11579,10962,10176,11091,10447
ICELAND,0 - 4,9.26611725432923,7.75664804786879,6.28159254841824,9.01890761873613,7.48810846221766,5.88212255494383,10659,10915,11060,10203,10516,10513
ITALY,85+,0.495511898648364,1.32290304457093,5.70689724978939,1.13884967999094,2.88487702331571,9.63732596079233,136128,364756,1465917,329830,847320,2588728
ITALY,80 - 84,0.946269457308764,1.41271027238806,5.98116695137884,1.63191845224448,2.36986730083208,7.16288635814354,259961,389518,1536368,472631,696056,1924057
ITALY,75 - 79,1.97463282512982,3.23391613008825,7.24568221138049,2.93876943602719,4.62910543072686,7.81101902218627,542475,891668,1861181,851117,1359619,2098155
ITALY,70 - 74,3.28773498849528,4.34869431526631,7.02810708707521,4.1988344598794,5.28805258067319,7.1004847239221,903213,1199039,1805293,1216053,1553159,1907295
ITALY,65 - 69,4.42826994973391,5.19335084142685,6.49261720824269,5.15106858441914,5.69068311240411,6.29529814370588,1216543,1431931,1667743,1491836,1671416,1691010
ITALY,60 - 64,3.61430152871652,5.92744024266884,6.2639546599104,4.06190870142892,6.07727747034023,5.90740806648153,992928,1634337,1609007,1176397,1784963,1586817
ITALY,55 - 59,5.82453983656785,5.82384385888043,6.28227538233705,6.26094204479851,5.78847313018214,5.86516913664759,1600129,1605773,1613713,1813274,1700138,1575471
ITALY,50 - 54,6.3043121853091,6.89210087003336,6.14885645367497,6.33545774968855,6.65159720290996,5.70307082157362,1731933,1900317,1579442,1834855,1953647,1531929
ITALY,45 - 49,6.4495062571627,6.65892196291573,6.30103991316928,6.35280480966574,6.39243084425586,5.83501442735314,1771821,1836024,1618533,1839879,1877527,1567371
ITALY,40 - 44,6.75490230194921,7.16988599211436,6.17091061698712,6.57637609420448,6.78118719165264,5.67713777158039,1855720,1976909,1585107,1904629,1991709,1524963
ITALY,35 - 39,6.33043678051802,8.17571461249044,5.69552563266056,6.08904593932396,7.67555286326394,5.23429911297503,1739110,2254240,1462996,1763490,2254394,1406010
ITALY,30 - 34,7.31241142863133,8.40626770453096,5.19197827986091,6.93566464376376,7.79783634904193,4.76687878208926,2008880,2317809,1333651,2008685,2290310,1280454
ITALY,25 - 29,6.92134331015984,7.99145420504156,4.80021614247963,6.52261885360242,7.38191043330491,4.39180259491325,1901445,2203435,1233020,1889060,2168148,1179703
ITALY,20 - 24,7.44160750745954,6.65691996026025,4.52576346724928,6.89928208584585,6.06977008961463,4.08841643698209,2044373,1835472,1162522,1998148,1782758,1098209
ITALY,15 - 19,8.47195833926054,5.64184295805177,4.36799736517957,7.74139138337279,5.05749257705603,3.91429718903012,2327433,1555591,1121997,2242037,1485441,1051438
ITALY,10 - 14,8.57884458890727,5.17198889280222,4.19831851117074,7.79466867944125,4.60820392946862,3.77236902395088,2356797,1426041,1078412,2257467,1353480,1013314
ITALY,5 - 9,8.10133998752775,5.08041903221233,3.94592778536491,7.29712157582019,4.52097531532361,3.54846844603774,2225616,1400793,1013581,2113369,1327860,953171
ITALY,0 - 4,6.76207682851418,4.89483846359208,3.65276508208898,6.07327682648244,4.34910906967857,3.28865398163526,1857691,1349624,938277,1758923,1277381,883381
JAPAN,85+,0.298825728873552,1.05462879187897,4.97539730720807,0.601256566981679,2.44053393809795,10.8475775445653,172105,655038,2364592,357547,1581834,5756547
JAPAN,80 - 84,0.725892761072817,1.47713043748745,4.97807796254708,1.1370831575835,2.62520855679278,6.56481025581324,418069,917457,2365866,676185,1701531,3483786
JAPAN,75 - 79,1.47486961653786,2.62387691769497,7.05033184998127,1.99847050346407,3.90019273138586,8.09305214043956,849433,1629710,3350719,1188423,2527913,4294787
JAPAN,70 - 74,2.28979110570104,4.30948812672792,7.10949353457073,2.86877713780538,4.99006874619408,7.37078631867543,1318777,2676656,3378836,1705965,3234317,3911498
JAPAN,65 - 69,3.03007604867811,5.41823958243373,7.00210740750498,3.73632760438893,5.79080062526808,6.8368953919343,1745135,3365310,3327800,2221868,3753312,3628175
JAPAN,60 - 64,3.38157761475899,6.05127800392215,6.57442504992878,4.23813679561815,6.15790964321744,6.17516747183181,1947578,3758495,3124541,2520277,3991254,3277012
JAPAN,55 - 59,4.36419606433467,6.9239206267049,6.35053772599461,5.21856906395582,6.86483773320711,5.81627604242975,2513505,4300500,3018137,3103307,4449450,3086557
JAPAN,50 - 54,6.16380219881078,8.40836219628533,6.41493657788297,6.14537965975437,8.08214397146689,5.76492077149701,3549966,5222498,3048743,3654450,5238448,3059304
JAPAN,45 - 49,7.00867658096833,7.21043618140006,6.44009560134337,6.82531733303118,6.87148587753785,5.68433107964729,4036561,4478457,3060700,4058786,4453759,3016537
JAPAN,40 - 44,7.22736343231852,6.33313092075312,6.10574802361636,7.02932251395392,5.98758816601921,5.33800664477245,4162511,3933556,2901799,4180101,3880860,2832751
JAPAN,35 - 39,7.98455471806334,6.61090402945293,5.77392960422333,7.74992669417756,6.20776532571996,4.99737495100823,4598606,4106083,2744100,4608620,4023568,2651986
JAPAN,30 - 34,9.42139244264427,7.16048026715627,5.41974643946268,9.00038268523285,6.70396467463999,4.6455933237281,5426135,4447429,2575772,5352224,4345180,2465304
JAPAN,25 - 29,7.89897427966557,8.01334853971527,5.04213173792398,7.56323206291825,7.4535464193448,4.28072272598971,4549317,4977152,2396308,4497599,4831022,2271676
JAPAN,20 - 24,6.88176701892873,6.95136031493672,4.66588892593084,6.52868372709284,6.35550563781616,3.94825232376806,3963469,4317543,2217496,3882388,4119326,2095242
JAPAN,15 - 19,7.3397887886101,6.18757966010529,4.37791836886878,6.81071418427684,5.64485619156616,3.70195505990748,4227261,3843153,2080636,4050102,3658718,1964538
JAPAN,10 - 14,7.98472313906041,5.41157246109547,4.14494753700798,7.34273527906669,4.93315297818275,3.51275480222096,4598703,3361169,1969915,4366477,3197427,1864134
JAPAN,5 - 9,8.9364545668126,4.97627915187132,3.90240293607929,8.22546905174225,4.53907647015288,3.3078801914864,5146841,3090805,1854644,4891409,2942006,1755412
JAPAN,0 - 4,7.58727389416032,4.87797896029745,3.67187499342461,6.98021093410931,4.45136385624092,3.11364861345385,4369797,3029750,1745084,4150896,2885155,1652338
KOREA,85+,0.057928638654637,0.168831664347592,4.60356231429519,0.254594984688458,0.571158247884805,9.23046018165623,11143,39957,1001348,48088,133316,2084737
KOREA,80 - 84,0.175324718534295,0.405260219508628,4.8182822497114,0.451428546923267,0.917693592767717,6.45074051576755,33725,95912,1048053,85266,214202,1456926
KOREA,75 - 79,0.38390004936645,0.910221416366552,6.58192343640166,0.815399629363323,1.68226831173632,7.61032112460936,73846,215420,1431673,154013,392664,1718822
KOREA,70 - 74,0.844261950777449,1.49327945863671,6.98069428487757,1.39556573342526,2.43688644808855,7.27759300507624,162400,353411,1518412,263595,568802,1643674
KOREA,65 - 69,1.36960706884312,2.51443701503995,7.68314868016545,1.90863117129311,3.36795545003368,7.50811353543463,263454,595086,1671207,360503,786126,1695738
KOREA,60 - 64,1.98696842169179,3.60126471002442,6.77081997224111,2.40187983516976,4.13323706923107,6.10261307223731,382208,852303,1472761,453668,964753,1378300
KOREA,55 - 59,2.74595679624632,4.14571165164117,7.93049611545639,3.19053767307448,4.39234813491015,6.85890672680816,528205,981156,1725009,602630,1025233,1549112
KOREA,50 - 54,3.15631281277722,5.04548381741504,7.33089397142922,3.80021451671081,5.02010124353604,6.44141148308729,607140,1194103,1594586,717786,1171759,1454819
KOREA,45 - 49,4.46911415294949,6.26668557926095,6.31573140170443,4.74597177610656,6.16211784223889,5.5991862356078,859667,1483122,1373772,896421,1438321,1264599
KOREA,40 - 44,5.77514164261768,8.64147531080394,5.86135082538794,5.65267257230886,8.46258111465913,5.2279465231687,1110891,2045158,1274937,1067679,1975280,1180753
KOREA,35 - 39,6.07642982831538,9.21364466776179,5.46394539433669,5.8805416486063,8.96481016387147,4.86479167720998,1168846,2180572,1188495,1110719,2092507,1098733
KOREA,30 - 34,6.86283072298351,9.19818417123182,4.90170143883735,6.38021766049932,8.87300738749297,4.40377275468182,1320116,2176913,1066198,1205098,2071079,994610
KOREA,25 - 29,8.23663310829386,9.43161273936463,4.82205668643074,7.88022515201287,9.08583148303984,4.34902501424924,1584377,2232158,1048874,1488420,2120755,982245
KOREA,20 - 24,10.8032778158319,8.40778899730673,4.66836217490308,10.6698053725959,7.98810111260955,4.20971382096413,2078090,1989852,1015443,2015317,1864530,950781
KOREA,15 - 19,12.1855332179647,8.39582707719841,4.26599158958035,11.51899358107,7.94903309329858,3.87378451935801,2343977,1987021,927921,2175712,1855411,874910
KOREA,10 - 14,11.9870900702734,6.97716278888766,3.94490701599285,11.3977793036111,6.335167018246,3.58087414585887,2305805,1651269,858080,2152817,1478713,808755
KOREA,5 - 9,12.0319544830518,7.93183049194421,3.65940604801764,11.3510513187737,7.04439359142246,3.3235929731087,2314435,1877208,795979,2143991,1644256,750647
KOREA,0 - 4,10.851734500827,7.2512982232598,3.39672640023097,10.3044895237669,6.61330869493279,3.08715269111599,2087411,1716148,738842,1946316,1543635,697246
Luxembourg,85+,0.495752696321998,0.777826366080816,3.28635550393923,1.22609359378192,2.18348897412613,5.6606496864578,883,1672,10470,2281,4833,18433
Luxembourg,80 - 84,0.947712968733332,0.992752072497883,3.55849210584136,1.75878046420624,2.04930808744799,4.27074568380452,1688,2134,11337,3272,4536,13907
Luxembourg,75 - 79,2.12786264899249,1.92177076452144,4.07074923883361,3.3686666164977,3.52800856589095,4.60087091642765,3790,4131,12969,6267,7809,14982
Luxembourg,70 - 74,3.3574191664842,3.52766586961174,4.31746131391444,4.61787376772487,4.38233872315818,4.59964254346905,5980,7583,13755,8591,9700,14978
Luxembourg,65 - 69,4.12097937825987,4.13569162347994,4.90756144260649,5.1602360808007,4.57976985944891,4.90919252903567,7340,8890,15635,9600,10137,15986
Luxembourg,60 - 64,3.86383924811777,4.68742731138176,5.49232555949653,4.39910125888259,4.80521182056808,5.47332281027166,6882,10076,17498,8184,10636,17823
Luxembourg,55 - 59,4.88004805937804,5.30661803701188,6.16999905835086,5.97727346026081,5.04285204411253,6.0067437675427,8692,11407,19657,11120,11162,19560
Luxembourg,50 - 54,6.91078135790201,6.58314647512537,6.48670705295207,6.50243498640063,5.94778240106983,6.24873324038645,12309,14151,20666,12097,13165,20348
Luxembourg,45 - 49,6.97029413911393,7.29816987504536,6.46850183621583,6.35300314989411,6.7682284960446,6.14769956454179,12415,15688,20608,11819,14981,20019
Luxembourg,40 - 44,7.00734926703834,8.20904548795579,6.43899682978122,6.35461572366936,7.70930185278053,6.15261305637618,12481,17646,20514,11822,17064,20035
Luxembourg,35 - 39,7.2105910292904,9.01431907628467,6.53033679650962,6.32128919898085,8.43216184835301,6.23399276488327,12843,19377,20805,11760,18664,20300
Luxembourg,30 - 34,8.2762066777832,8.75798993291713,6.62199064628519,7.15391479160172,8.35897227380129,6.32519945705915,14741,18826,21097,13309,18502,20597
Luxembourg,25 - 29,8.16391841134561,7.28886573191042,6.50710945101855,7.72261580967329,7.03071703193686,6.18792877893586,14541,15668,20731,14367,15562,20150
Luxembourg,20 - 24,8.08868527283242,5.9793075856679,6.10910574719859,7.75110461303605,5.67264381525506,5.76721104061615,14407,12853,19463,14420,12556,18780
Luxembourg,15 - 19,7.92755161049446,5.78810744424492,5.78925892212562,7.41730184155925,5.3550372047004,5.41313253530037,14120,12442,18444,13799,11853,17627
Luxembourg,10 - 14,7.44751927147373,6.1291042901404,5.68787469788757,6.84483815134542,5.70878681503368,5.29582291775429,13265,13175,18121,12734,12636,17245
Luxembourg,5 - 9,6.32912813775525,6.76457726625667,5.73338773972818,5.68701018071577,6.24415499925455,5.32745352143818,11273,14541,18266,10580,13821,17348
Luxembourg,0 - 4,5.87604498267953,6.83994082564966,5.82378605731504,5.38545888474398,6.20304233700637,5.37904518569928,10466,14703,18554,10019,13730,17516
MEXICO,85+,0.240646860849207,0.304536285978654,1.84980546207292,0.372452762701272,0.456438666219435,3.26444217797078,81167,148057,1253006,126038,229659,2366410
MEXICO,80 - 84,0.388482488906472,0.422589168297348,2.13378836262987,0.460670858235326,0.555360640684794,3.19391292258684,131030,205451,1445368,155891,279432,2315283
MEXICO,75 - 79,0.661339330366837,0.806595279715335,3.5281880731463,0.825830475866487,0.99346496470177,4.64961429559184,223061,392144,2389895,279461,499866,3370528
MEXICO,70 - 74,0.936654021047254,1.18349896574658,4.6457885305731,1.12578322999802,1.36618972003668,5.45164368190331,315921,575384,3146926,380965,687404,3951923
MEXICO,65 - 69,1.19685397671702,1.65455863918106,5.35149848361705,1.37727262142702,1.81686275734237,5.80131025745917,403683,804400,3624954,466069,914162,4205398
MEXICO,60 - 64,1.48408137929873,2.08755976152059,6.05405064341551,1.65018341018716,2.21899003392857,6.21722138819707,500561,1014913,4100843,558422,1116494,4506894
MEXICO,55 - 59,2.14080445968291,2.72172839259854,6.61417584615314,2.31585133757108,2.81790194189602,6.58261278590407,722065,1323228,4480256,783684,1417839,4771768
MEXICO,50 - 54,2.61649167610374,3.39283045844171,6.7846228667014,2.74415812578701,3.50836432565902,6.61334647418421,882508,1649499,4595712,928623,1765248,4794047
MEXICO,45 - 49,3.23048553699529,4.28253625080591,6.80487024134472,3.31386268485375,4.44954312508575,6.53783035748995,1089600,2082049,4609427,1121411,2238806,4739305
MEXICO,40 - 44,3.84733453515934,5.36192596055778,6.75966020845539,3.91602883168189,5.5645692503806,6.4259605046654,1297655,2606818,4578803,1325184,2799836,4658210
MEXICO,35 - 39,4.72323609737898,6.12083029471363,6.62355179047394,4.77843732605642,6.44513640382918,6.24541819184383,1593085,2975776,4486607,1617023,3242897,4527334
MEXICO,30 - 34,5.7053351278894,7.0022118717462,6.42335744225066,5.75728200440686,7.66593131214088,6.01623225425748,1924334,3404279,4351001,1948264,3857145,4361196
MEXICO,25 - 29,7.13396517550823,8.83992176019205,6.19254032390514,7.22883359678884,9.3341000698931,5.76838179840593,2406192,4297722,4194652,2446237,4696491,4181528
MEXICO,20 - 24,8.89543959567224,9.99545531164437,6.00181640283001,8.94954597512364,10.0078459059851,5.54281288719737,3000314,4859510,4065461,3028526,5035489,4018012
MEXICO,15 - 19,10.9365247541884,10.7127488535692,6.18602986658272,10.7819811799032,10.2153469355404,5.58634411693695,3688745,5208238,4190242,3648622,5139894,4049568
MEXICO,10 - 14,13.4744275168109,11.4012316012884,6.17778181101347,13.0943839355064,10.6148149872088,5.51917806151831,4544746,5542959,4184655,4431139,5340888,4000879
MEXICO,5 - 9,15.9072357302137,11.8296561535481,6.01270702497684,15.4049663599251,10.9756606787666,5.36393286147923,5365300,5751247,4072838,5213040,5522449,3888341
MEXICO,0 - 4,16.4806617372114,11.8795849904545,5.85576661985781,15.9024752839805,10.993478280701,5.21980498240831,5558709,5775521,3966531,5381397,5531414,3783862
NETHERLANDS,85+,0.627967989754716,0.745549582442729,2.67351641097352,1.12337609594717,2.09121577289826,4.62367085896063,44092,58735,220842,80079,168289,399532
NETHERLANDS,80 - 84,0.999319649122957,1.21820275775281,3.48409881074147,1.72754899646107,2.30499846907532,4.30685615216642,70166,95971,287799,123147,185493,372156
NETHERLANDS,75 - 79,1.79852185689502,2.2935915485002,4.26815693316887,2.77431628285807,3.42570492122697,4.79660197247707,126281,180691,352565,197765,275681,414475
NETHERLANDS,70 - 74,2.66000529525761,3.11333432596085,4.50660909691918,3.63579714615701,3.84201205255247,4.74188616542991,186769,245271,372262,259175,309183,409747
NETHERLANDS,65 - 69,3.45668662998725,3.88122437431146,4.98365869659144,4.18725151411469,4.20496049419044,5.10653091252148,242707,305766,411668,298485,338391,441256
NETHERLANDS,60 - 64,3.96694266665926,4.61248113595176,5.63309793995586,4.42343278450227,4.59310954660771,5.660887213108,278534,363375,465314,315321,369627,489158
NETHERLANDS,55 - 59,4.89705936599046,5.58172732674366,6.13307633072033,5.23379434694041,5.31291752491232,6.08640445281126,343841,439733,506614,373087,427553,525927
NETHERLANDS,50 - 54,5.1367416961089,7.51024265934813,6.37554769121964,5.21349532708707,7.10626158134578,6.28058307515566,360670,591663,526643,371640,571871,542706
NETHERLANDS,45 - 49,5.51414629922307,7.32196076684157,6.60571934118586,5.31125888573111,6.98009698507249,6.46880174812837,387169,576830,545656,378609,561718,558970
NETHERLANDS,40 - 44,5.97750270352952,7.87101579686728,6.36390170545898,5.54676679540482,7.51482710492202,6.20964231855686,419703,620085,525681,395397,604750,536576
NETHERLANDS,35 - 39,6.83477044460082,8.54809692868098,6.31441231898331,6.23698958381117,8.05289990933745,6.11253564830883,479895,673426,521593,444599,648051,528185
NETHERLANDS,30 - 34,8.87212009837956,8.52486792151541,6.4095292733716,8.18589188660662,8.007481648786,6.13210511313893,622945,671596,529450,583525,644396,529876
NETHERLANDS,25 - 29,8.38764248095495,7.35632192662147,6.45450311651179,7.8905250151401,7.05823379009233,6.11144781288953,588928,579537,533165,562470,568006,528091
NETHERLANDS,20 - 24,8.71394599663286,6.15622002363266,6.28972815581699,8.26515205396762,5.89377420650385,5.86567801714915,611839,484992,519554,589175,474297,506854
NETHERLANDS,15 - 19,9.14058595628749,6.03888180383015,6.07036717662445,8.59692248902738,5.63212526145012,5.5625769802684,641795,475748,501434,612825,453241,480663
NETHERLANDS,10 - 14,8.91194134711752,6.29369004964534,5.89562896615727,8.38224667643881,5.8985459197875,5.39479572591778,625741,495822,487000,597522,474681,466165
NETHERLANDS,5 - 9,7.649923939421,6.48457409869231,5.77975019723724,7.2078635064165,6.06267297460653,5.28622049289823,537130,510860,477428,513807,487889,456783
NETHERLANDS,0 - 4,6.45421831073876,6.44801697266124,5.75869783836219,6.05741269843274,6.01816183663244,5.25277534011348,453175,507980,475689,431798,484307,453893
NEW ZEALAND,85+,0,0.755095575034322,5.25324571245392,0,1.70570264765784,7.304450107822,0,14300,131100,0,33500,186300
NEW ZEALAND,80 - 84,1.08633394097777,1.17277431618967,3.94293957364962,2.3007154656152,1.92209775967413,4.74808861007646,16823,22210,98400,35990,37750,121100
NEW ZEALAND,75 - 79,1.50865005427472,2.14436582532474,4.69626542715179,2.15643330929696,2.7713849287169,5.38717898451284,23363,40610,117200,33733,54430,137400
NEW ZEALAND,70 - 74,2.48546593284399,2.99398035695427,4.88058983811508,3.10050016109483,3.19857433808554,5.18721819251127,38490,56700,121800,48501,62820,132300
NEW ZEALAND,65 - 69,3.37865805503412,3.38948146583589,5.47764064753967,3.8795726639971,3.40835030549898,5.46951578121937,52322,64190,136700,60688,66940,139500
NEW ZEALAND,60 - 64,3.86464445697186,3.95606716654346,5.99855746113159,4.29503111943008,3.95010183299389,5.89296216428151,59848,74920,149700,67187,77580,150300
NEW ZEALAND,55 - 59,4.70578966978625,4.87591086703981,6.47940375060106,4.69048057400901,4.75661914460285,6.20270535189179,72874,92340,161700,73373,93420,158200
NEW ZEALAND,50 - 54,5.07308845456195,6.28102228324005,6.35518512582145,4.76962160614104,6.09164969450102,6.09292295628308,78562,118950,158600,74611,119640,155400
NEW ZEALAND,45 - 49,4.80994806286698,6.72246277326011,6.31110754928675,4.57323933577788,6.62118126272912,6.14389335424427,74487,127310,157500,71539,130040,156700
NEW ZEALAND,40 - 44,5.44581148299467,7.52825007920583,6.10274082384998,5.29356336652398,7.54022403258656,5.93217016271319,84334,142570,152300,82807,148090,151300
NEW ZEALAND,35 - 39,6.14489317145841,7.99662055127257,5.60185927231928,6.02213391838885,8.17209775967413,5.46951578121937,95160,151440,139800,94204,160500,139500
NEW ZEALAND,30 - 34,7.62274127068074,7.40521702397296,5.30133034140087,7.49621554999821,7.71435845213849,5.13232699470692,118046,140240,132300,117263,151510,130900
NEW ZEALAND,25 - 29,7.6355269878723,6.86925757735769,5.34941497034781,7.60099111677074,7.07382892057026,5.01470299941188,118244,130090,133500,118902,138930,127900
NEW ZEALAND,20 - 24,8.8271816598573,6.72510296757841,5.96650104183363,8.38856584687297,6.46486761710794,5.44599098216036,136698,127360,148900,131222,126970,138900
NEW ZEALAND,15 - 19,9.97421547033036,7.35663744851621,6.02259977560507,9.42085129668554,6.83961303462322,5.53616937855322,154461,139320,150300,147370,134330,141200
NEW ZEALAND,10 - 14,9.88813788943971,7.9189988383145,5.70604263503767,9.3779566015639,7.29837067209776,5.2577925896883,153128,149970,142400,146699,143340,134100
NEW ZEALAND,5 - 9,9.38219801976362,8.21311648537332,5.39349254688251,8.88827945606202,7.45824847250509,4.99117820035287,145293,155540,134600,139039,146480,127300
NEW ZEALAND,0 - 4,8.16671542028525,7.69352624353152,5.16108350697227,7.74584861177169,7.0122199592668,4.78337580866497,126470,145700,128800,121168,137720,122000
NORWAY,85+,0.777095104508278,1.10446366792897,3.79103304118969,1.43034596535494,2.63674395274692,6.31786076101819,15734,24566,105210,29478,59769,178357
NORWAY,80 - 84,1.37554822395195,1.79035871465714,3.92597666574302,2.25464602843418,3.05782714016798,4.74155703385688,27851,39822,108955,46466,69314,133857
NORWAY,75 - 79,2.37864988739184,2.9126261606737,4.76161821367791,3.49740404677568,4.03295786565307,5.16669854696677,48161,64784,132146,72078,91418,145859
NORWAY,70 - 74,3.51999288790549,3.35192089727445,4.86380783163071,4.45256926585472,3.9653728008936,4.96014962487514,71270,74555,134982,91763,89886,140028
NORWAY,65 - 69,4.60587142913588,3.56628557889479,5.18374493240748,5.18642340724926,3.86059830428543,5.1285484545139,93256,79323,143861,106887,87511,144782
NORWAY,60 - 64,5.31505590896519,4.08093165911879,5.76647077921025,5.68940754039497,4.16759860824176,5.62049690761089,107615,90770,160033,117253,94470,158670
NORWAY,55 - 59,5.87118218815441,5.45092339115215,6.2574565811231,5.95914406327333,5.24966549363346,6.04092722081713,118875,121242,173659,122812,118998,170539
NORWAY,50 - 54,5.31352483306334,7.08014892230944,6.34346737733372,5.20578388082876,6.64905572812099,6.1170857155002,107584,157480,176046,107286,150719,172689
NORWAY,45 - 49,4.87904500375361,6.97597883688278,6.16157274001859,4.71560968508904,6.58288236184214,5.93572223048749,98787,155163,170998,97184,149219,167569
NORWAY,40 - 44,5.07699830099964,7.31168795551933,6.0795616079803,4.86758212431462,6.90942586663949,5.83508674983883,102795,162630,168722,100316,156621,164728
NORWAY,35 - 39,6.43135841005176,7.61075546016247,6.07541781176572,5.97365228783541,7.11434272421632,5.81220377887824,130217,169282,168607,123111,161266,164082
NORWAY,30 - 34,8.06877000276582,8.07680082293019,6.16427521581071,7.41166480663788,7.58311485093567,5.87975459253434,163370,179648,171073,152747,171892,165989
NORWAY,25 - 29,7.69731123315817,7.50685512894926,6.15490663306468,7.16711145615993,7.17341348251457,5.85063725177644,155849,166971,170813,147707,162605,165167
NORWAY,20 - 24,7.81638942668616,6.32263413191071,5.97348042488685,7.34310252802174,6.00880635158439,5.63611825465984,158260,140631,165778,151334,136206,159111
NORWAY,15 - 19,7.95517404875736,6.11883482365043,5.77021821230866,7.41549808336164,5.71649653494196,5.38026113508037,161070,136098,160137,152826,129580,151888
NORWAY,10 - 14,8.4428958078154,6.64773291815163,5.62183427481584,7.85394730457567,6.20079734494808,5.23315126139721,170945,147862,156019,161862,140558,147735
NORWAY,5 - 9,7.87140938006243,7.1295139433705,5.56299236856869,7.39929157164346,6.61336622590793,5.18132806245705,159374,158578,154386,152492,149910,146272
NORWAY,0 - 4,6.60392548105417,6.96154698646328,5.54216528846407,6.17705856664564,6.47753436272622,5.16241241773111,133711,154842,153808,127303,146831,145738
POLAND,85+,0.252923036347829,0.516704320415306,3.98126311692647,0.655264630148619,1.30541146694733,6.17192579855381,43845,96419,650180,119538,258385,1064342
POLAND,80 - 84,0.614618265040845,0.688822983366578,3.21943582382412,1.28434345211725,1.3975331949436,4.23692394032251,106546,128537,525766,234299,276619,730653
POLAND,75 - 79,1.47474695149721,1.74726862504744,4.94509276163037,2.48022415095655,3.11965982963189,5.94250715269732,255652,326047,807583,452460,617486,1024779
POLAND,70 - 74,2.54017911300477,2.86595419107712,6.67698936709196,3.56551818573407,4.21753722053277,7.46794427776386,440348,534798,1090419,650447,834793,1287839
POLAND,65 - 69,3.11398473162844,3.7288250583509,8.0117393927793,4.11022356003545,4.67741834439966,8.44463343437388,539819,695813,1308397,749816,925819,1456268
POLAND,60 - 64,2.76030204934863,4.12338825646763,7.70165424060428,3.38938203575719,4.76635213719984,7.69481144359666,478507,769440,1257757,618315,943422,1326962
POLAND,55 - 59,4.59838827253941,4.02488009087917,7.00520568308195,5.40609490719195,4.3162470111213,6.79689923271777,797145,751058,1144020,986218,854331,1172118
POLAND,50 - 54,5.74321328954372,6.47439586177818,6.0498874594192,6.07947088551446,6.51994384383948,5.7282640141635,995604,1208147,988007,1109060,1290517,987833
POLAND,45 - 49,6.16122131743453,8.14191263608644,5.56040726965982,6.05609716014719,7.92322643696558,5.18791273451218,1068067,1519312,908070,1104796,1568274,894650
POLAND,40 - 44,5.98615092787768,8.41705169808421,5.61954021426002,5.83309844493465,7.95773798264632,5.1948307246673,1037718,1570654,917727,1064115,1575105,895843
POLAND,35 - 39,5.32976820205092,7.03657620728236,5.90223573599115,5.10551449987738,6.52120689264934,5.41033800557649,923932,1313052,963894,931384,1290767,933007
POLAND,30 - 34,8.05120161372339,6.56548724458052,5.95062224611135,7.52451966281757,5.99057482664908,5.4105989523971,1395701,1225145,971796,1372676,1185737,933052
POLAND,25 - 29,9.80078640633717,7.52913847101308,5.65256330323474,9.0493866425299,6.87309229107758,5.11161768298591,1698997,1404966,923120,1650853,1360417,881493
POLAND,20 - 24,9.86091223158186,8.58009766359553,5.1521346092872,8.93596048744084,7.81853484721353,4.63346452773004,1709420,1601079,841395,1630161,1547552,799036
POLAND,15 - 19,8.21799410255817,9.17079832556482,4.75902330035188,7.38952872452146,8.29943310327657,4.2496639439862,1424615,1711306,777196,1348050,1642738,732850
POLAND,10 - 14,7.43949070893615,8.05682327403587,4.61798476737307,6.75451328328155,7.24071527767673,4.11772343267076,1289659,1503434,754163,1232206,1433182,710097
POLAND,5 - 9,8.4515347372153,6.80826362504262,4.6231222366202,7.67114264736821,6.12263921020851,4.122774203354,1465100,1270448,755002,1399424,1211877,710968
POLAND,0 - 4,9.60258404333398,5.52364362101483,4.57109847175292,8.70971663962572,4.9327613439971,4.07716649793072,1664638,1030733,746506,1588888,976360,703103
Portugal,85+,0.323686761581598,0.929035945096434,3.53525553703777,0.775090958983076,1.90030324872632,5.61064487263816,15216,45843,160514,39262,100552,268863
Portugal,80 - 84,0.747334359958144,1.47549787515174,4.68575420686247,1.37746349302237,2.28466524523157,5.96821880394389,35131,72808,212751,69775,120890,285998
Portugal,75 - 79,1.71177880723896,2.84383125239387,6.26663545047671,2.63166103046706,3.79234776048378,7.32935783186033,80468,140328,284529,133306,200667,351224
Portugal,70 - 74,2.86042433683675,3.90524210300194,7.30855287631275,3.7219645955854,4.7830371212273,7.89133425264023,134464,192703,331836,188535,253088,378154
Portugal,65 - 69,3.86377671569832,4.85961004930621,7.21609363447413,4.48084777917943,5.46945722522313,7.33536782848805,181630,239796,327638,226976,289409,351512
Portugal,60 - 64,4.13672787486324,5.1719840226002,6.42521252080498,4.50915709697225,5.5639885806425,6.30861833516416,194461,255210,291729,228410,294411,302310
Portugal,55 - 59,5.24278528033601,5.31319473013313,6.12052429984369,5.52677244164905,5.57374031582771,5.89814391270814,246455,262178,277895,279957,294927,282640
Portugal,50 - 54,5.64650027516353,6.14331427691323,6.20719107369671,5.91637103763323,6.20374776569982,5.91293935579514,265433,303140,281830,299692,328263,283349
Portugal,45 - 49,5.8842024225027,6.64446232320796,6.43336162025241,6.07586265440324,6.56114130075296,6.01888641440262,276607,327869,292099,307771,347174,288426
Portugal,40 - 44,5.81751222813109,7.08880588999427,6.12598639893278,5.96945594387095,6.88434706652309,5.68324479717931,273472,349795,278143,302381,364276,272342
Portugal,35 - 39,5.62182383960657,7.55536055543959,5.73350814987031,5.76446015868221,7.30197079544299,5.29324192573648,264273,372817,260323,291997,386374,253653
Portugal,30 - 34,6.42676491291665,7.57704474847349,5.30283925637045,6.32839598299862,7.14089707648271,4.87243782157656,302112,373887,240769,320563,377851,233488
Portugal,25 - 29,7.12487403849652,8.13777366160905,5.02521926033047,6.73978920021242,7.53004044702257,4.58819419634659,334929,401556,228164,341402,398442,219867
Portugal,20 - 24,8.09710432665134,8.10954367946304,4.91892857402433,7.45772850298195,7.38557869555801,4.46288159304977,380632,400163,223338,377769,390798,213862
Portugal,15 - 19,9.16359434407588,7.15778999568343,4.87023219867769,8.35109081684424,6.42070497485904,4.40265641850945,430766,353199,221127,423022,339743,210976
Portugal,10 - 14,9.22158396763473,5.9751300544942,4.76336887295092,8.26943995325212,5.32497657504697,4.2940173822458,433492,294841,216275,418886,281764,205770
Portugal,5 - 9,9.29206071849697,5.55767894019013,4.61106881165647,8.29498546038176,4.94664326754188,4.14360052220193,436805,274242,209360,420180,261745,198562
Portugal,0 - 4,8.81746478981102,5.55469989684809,4.45026725742499,7.80946289288062,4.93241253770765,3.9862137355134,414495,274095,202059,395586,260992,191020
SLOVAK REPUBLIC,85+,0.289028540242717,0.60772573772009,2.22480489337507,0.591549629442446,1.27870823225182,6.22305674466191,7086,15957,52471,14982,35484,156929
SLOVAK REPUBLIC,80 - 84,0.78693587735009,0.668509737055884,3.0572994003699,1.32863736688949,1.21596922220925,4.74003017763564,19293,17553,72105,33650,33743,119531
SLOVAK REPUBLIC,75 - 79,1.65141102297585,1.85257899730014,5.39001396677654,2.4348612334019,3.15114876172437,6.6896799227516,40487,48643,127121,61667,87444,168696
SLOVAK REPUBLIC,70 - 74,2.7423856724074,2.59284127492534,7.42757755716245,3.49398066072564,3.86553022931991,7.99830275584072,67234,68080,175176,88491,107268,201696
SLOVAK REPUBLIC,65 - 69,3.50615358322378,3.24592650087158,8.11035534294924,4.07968665479514,4.25645083870633,8.00714587377341,85959,85228,191279,103325,118116,201919
SLOVAK REPUBLIC,60 - 64,2.70959157893363,3.62982544404502,8.0321685307409,3.01010396143201,4.3912982686772,7.57656930644973,66430,95308,189435,76236,121858,191061
SLOVAK REPUBLIC,55 - 59,5.19423362365352,4.44427771584699,7.32937763467085,5.67894751388851,4.95227366748973,6.71831100413009,127345,116693,172860,143829,137425,169418
SLOVAK REPUBLIC,50 - 54,5.35082134112343,6.01243634532776,6.2390447301495,5.63010577769706,6.09242274200825,5.57842120603473,131184,157868,147145,142592,169064,140673
SLOVAK REPUBLIC,45 - 49,5.45230356072883,7.79132045621514,5.68910820393359,5.57609163452009,7.49012247980892,5.03950653022621,133672,204576,134175,141224,207850,127083
SLOVAK REPUBLIC,40 - 44,5.23269734274029,7.89624521697336,6.00062583370293,5.35284896966443,7.39823019054497,5.32958459156097,128288,207331,141522,135570,205300,134398
SLOVAK REPUBLIC,35 - 39,5.81120309863395,7.51661181761296,6.05968994943298,5.81216660678257,6.97343556080243,5.37927260398099,142471,197363,142915,147203,193512,135651
SLOVAK REPUBLIC,30 - 34,7.3019475367924,7.09055254407316,5.75788207020362,6.96612665684831,6.54921751012977,5.12524115341223,179019,186176,135797,176429,181740,129245
SLOVAK REPUBLIC,25 - 29,9.16240051132681,8.2641483708479,5.27214013926072,8.53561656275788,7.59325806093576,4.71302496098916,224631,216991,124341,216179,210712,118850
SLOVAK REPUBLIC,20 - 24,9.13193137224111,9.19502713761825,4.81921631712978,8.44097336012982,8.38980204599083,4.30870016080199,223884,241433,113659,213782,232816,108654
SLOVAK REPUBLIC,15 - 19,8.55766763838883,8.66994631127577,4.65423535926501,7.91315094347072,7.86003398933617,4.14722403424626,209805,227646,109768,200414,218115,104582
SLOVAK REPUBLIC,10 - 14,7.96876077075909,7.89681649516261,4.68043896552572,7.36917956149044,7.16532828250068,4.17252407568599,195367,207346,110386,186637,198837,105220
SLOVAK REPUBLIC,5 - 9,9.09220320427661,6.98520884597616,4.69341356668394,8.46043898336538,6.30370293493161,4.18402409452222,222910,183410,110692,214275,174927,105510
SLOVAK REPUBLIC,0 - 4,10.0583237242017,5.64000105115187,4.56260753866728,9.32553392269818,5.073066982632,4.06938080329614,246596,148089,107607,236185,140777,102619
SPAIN,85+,0.457655833294486,1.07196250388471,5.3104143924518,0.964376153453802,2.32778588941669,8.48493762301216,84234,210856,1097524,184402,477181,1869735
SPAIN,80 - 84,0.895583904275747,1.54986573270047,5.37455408614992,1.56388841661351,2.61214123315416,6.7095826357416,164837,304860,1110780,299037,535472,1478519
SPAIN,75 - 79,1.79621520353607,2.88840046545794,7.20352241882127,2.66528399079209,3.92372909756997,7.96223222880849,330603,568151,1488780,509639,804339,1754552
SPAIN,70 - 74,2.73847528683493,4.06513116792393,7.97296649325176,3.61591113443347,4.84766078691955,8.24770689289234,504031,799615,1647804,691412,993739,1817459
SPAIN,65 - 69,3.41965628381116,4.91201082902972,6.98454942711922,4.23840814393231,5.39693671277691,6.96997553677219,629406,966197,1443524,810442,1106337,1535899
SPAIN,60 - 64,3.91964721045312,4.66293724823134,6.1215666865321,4.55450985564481,4.89335003825243,5.88383127538383,721432,917204,1265168,870885,1003105,1296557
SPAIN,55 - 59,5.21060133327292,5.2282066209048,5.86798845272618,5.40995556962242,5.23609259629732,5.54465341173922,959039,1028393,1212760,1034458,1073365,1221816
SPAIN,50 - 54,5.94231604472872,6.02855879009406,5.78957022582775,5.96495221029322,5.92599248629871,5.4320554915515,1093715,1185823,1196553,1140581,1214790,1197004
SPAIN,45 - 49,6.35331199844569,6.39376808170333,6.24991865203679,6.27200645643878,6.18772760171773,5.82071163682624,1169361,1257660,1291695,1199294,1268444,1282648
SPAIN,40 - 44,5.61947292591456,7.28345384879002,6.46041452067312,5.51007388223139,7.02637366421991,5.93605507296243,1034294,1432662,1335199,1053602,1440361,1308065
SPAIN,35 - 39,6.00797564471642,8.06154887641343,5.98903906052187,5.7606468404446,7.68481402167317,5.46554171003712,1105800,1585714,1237778,1101515,1575337,1204383
SPAIN,30 - 34,6.69977844706924,8.4626349720497,5.21823051765271,6.41648872881906,7.93198282228545,4.73949569001646,1233130,1664608,1078472,1226921,1626005,1044392
SPAIN,25 - 29,6.93817413827819,8.70665011158311,4.62567380911058,6.56809391917747,8.04366440674146,4.18427521850563,1277008,1712606,956006,1255910,1648899,922044
SPAIN,20 - 24,7.90950699936226,8.3725692982305,4.3607104893608,7.48209713139383,7.67887724835777,3.92466286085212,1455787,1646892,901245,1430680,1574120,864836
SPAIN,15 - 19,8.92233824892013,6.80213934953326,4.34116762402837,8.28506754508318,6.20607940222108,3.88778218628475,1642204,1337987,897206,1584219,1272206,856709
SPAIN,10 - 14,9.22561659987697,5.60012152460301,4.31036063626615,8.43443440291983,5.08980991642126,3.85159583227956,1698024,1101549,890839,1612780,1043378,848735
SPAIN,5 - 9,9.22342160787076,5.05839551021904,4.08655394254204,8.37083542675823,4.59000384939016,3.64271879413672,1697620,994991,844584,1600619,940921,802707
SPAIN,0 - 4,8.72025228933863,4.85164506864762,3.73279856492758,7.922970191948,4.39697822628629,3.31218590219764,1605009,954323,771472,1514981,901352,729871
SWEDEN,85+,0.901358826055111,1.585318924065,3.53755559540272,1.74737562136252,3.42066766332105,5.11331508971675,37115,69539,185053,73264,153440,269573
SWEDEN,80 - 84,1.60085601767212,2.30239310456143,3.89126718711827,2.50786943910063,3.4663241243122,4.34667727368517,65918,100993,203556,105150,155488,229156
SWEDEN,75 - 79,2.86120409784946,3.39279998613909,4.61495846569879,3.89882470004546,4.36777171056122,4.89512386330679,117815,148823,241413,163470,195924,258070
SWEDEN,70 - 74,4.28766545756923,3.80698589925853,4.75085727699997,5.06427443986146,4.44129466385654,4.90726351252025,176552,166991,248522,212335,199222,258710
SWEDEN,65 - 69,5.160294457645,4.15385064321011,5.0915696857524,5.59983514604315,4.42774040199979,5.17204064278684,212484,182206,266345,234790,198614,272669
SWEDEN,60 - 64,5.70494687289323,5.02799995258109,5.9442396223508,5.88530056988143,4.98683141039674,5.95172858172289,234911,220550,310949,246759,223693,313774
SWEDEN,55 - 59,5.99231798938818,6.847039373195,6.41211462679537,6.05807285915242,6.51563176459101,6.37310718684305,246744,300341,335424,254003,292270,335989
SWEDEN,50 - 54,5.49414814973121,7.39762303610494,5.53382865318142,5.48840608261492,7.096347171016,5.51648422101673,226231,324492,289480,230118,318319,290828
SWEDEN,45 - 49,5.30493929579627,6.74082558140595,5.83235106664031,5.15108989167626,6.42338252846729,5.75119675127812,218440,295682,305096,215975,288132,303202
SWEDEN,40 - 44,5.95591392417852,6.78642068412716,6.1231122032124,5.59532742066046,6.39110198378215,5.97845477819438,245245,297682,320306,234601,286684,315183
SWEDEN,35 - 39,7.80916984159982,7.3809808236117,6.27963765924477,7.18872486704595,6.8610870963873,6.08080719562533,321556,323762,328494,301409,307766,320579
SWEDEN,30 - 34,8.21345167852126,7.29501125743086,6.41081470849906,7.68278587922826,6.83413462503071,6.1772984386704,338203,319991,335356,322124,306557,325666
SWEDEN,25 - 29,7.18794503301866,6.84503318867527,6.3525860154025,6.74486894444336,6.46281918837615,6.10679363222288,295976,300253,332310,282799,289901,321949
SWEDEN,20 - 24,6.84255569651978,5.98298937907677,6.00124486293317,6.44094331189501,5.62501867054984,5.74076424023531,281754,262440,313931,270056,252320,302652
SWEDEN,15 - 19,7.19124787015576,5.94820031570049,5.79882082117368,6.72686189331144,5.49863855465199,5.47065704523594,296112,260914,303342,282044,246651,288412
SWEDEN,10 - 14,7.18758074951089,6.85702470069095,5.761887848402,6.70666060548531,6.35944564852461,5.43291032346285,295961,300779,301410,281197,285264,286422
SWEDEN,5 - 9,6.8941382412198,6.83935659838648,5.81029068849408,6.45432338564998,6.3541398683899,5.48017908258774,283878,300004,303942,270617,285026,288914
SWEDEN,0 - 4,5.41094579655689,4.81069369301182,5.85286301269829,5.05902735211441,4.4681802556316,5.5051981408886,222805,211018,306169,212115,200428,290233
TURKEY,85+,0.107096209951756,0.215433024387778,1.05305496771561,0.302717609051287,0.351091908032569,2.28496309414489,24998,74162,509563,68990,118867,1128085
TURKEY,80 - 84,0.386489734713888,0.312224216273121,1.83377543774288,0.541868469264685,0.468115652185702,2.71124877111467,90213,107482,887346,123493,158487,1338542
TURKEY,75 - 79,0.684613743111074,0.773946088584275,3.256201375593,0.825924562280385,0.930176315085338,4.08998843506892,159800,266428,1575644,188230,314924,2019225
TURKEY,70 - 74,1.12267228649723,1.51618521860227,4.60034096163382,1.44891117096428,1.82915909756085,5.16268764655678,262050,521941,2226060,330210,619287,2548816
TURKEY,65 - 69,1.7547618463133,2.22475077430049,5.54291425852748,1.98756334790494,2.33032317663523,5.9111227673258,409590,765862,2682162,452970,788963,2918318
TURKEY,60 - 64,1.6151957517618,2.35064613639889,6.47672937055847,1.85942064527073,2.78110974484955,6.57208158874962,377013,809201,3134026,423766,941583,3244633
TURKEY,55 - 59,2.54836112766594,2.75745963208889,6.72564739994125,2.48819482499881,3.04536719921331,6.62539945356227,594829,949245,3254475,567065,1031051,3270956
TURKEY,50 - 54,3.71034515200289,3.67567165592532,6.84032423717925,3.86326729578749,3.69502619846181,6.6279475625899,866055,1265336,3309966,880447,1251002,3272214
TURKEY,45 - 49,4.53562602678673,4.7208829029921,6.93995633968382,4.29607142397986,4.70882634606769,6.652517167125,1058689,1625146,3358177,979084,1594238,3284344
TURKEY,40 - 44,4.29807619682414,5.76151603125902,6.87543137366984,4.75843209391117,5.66045504514556,6.55253325788662,1003241,1983380,3326954,1084457,1916425,3234982
TURKEY,35 - 39,4.68905147965466,7.01307668755675,6.66545606150089,4.98626669504727,6.83873528464077,6.32626401196647,1094501,2414225,3225349,1136381,2315348,3123273
TURKEY,30 - 34,5.9702088487483,7.8030200478611,6.30490114059342,5.88550780363346,7.5763304502428,5.95767943346259,1393544,2686160,3050880,1341320,2565071,2941303
TURKEY,25 - 29,7.47235336488297,8.96368354973853,6.34708426221138,7.37806928297348,8.74669785251978,5.97436975014596,1744169,3085714,3071292,1681478,2961315,2949543
TURKEY,20 - 24,9.01417805929484,9.78364321813865,6.36815722376038,8.80202676437877,9.51665619744251,5.97204039769622,2104056,3367982,3081489,2006001,3221995,2948393
TURKEY,15 - 19,10.9212171952523,10.1431736937111,6.30968941674415,10.6056032726674,10.0449968406247,5.90528520753436,2549190,3491749,3053197,2417040,3400872,2915436
TURKEY,10 - 14,12.1071027219223,10.816671324186,6.14259573173436,11.7292740126169,10.6562790224128,5.73856636337282,2825995,3723598,2972342,2673127,3607830,2833127
TURKEY,5 - 9,13.8342615247633,10.6345168080287,5.93158092759139,13.4671468902644,10.466834652745,5.53533745146642,3229142,3660892,2870234,3069192,3543691,2732793
TURKEY,0 - 4,15.2283887298526,10.5334989899671,5.78615951361861,14.7737338350047,10.353819016134,5.39996764023066,3554554,3626117,2799866,3366966,3505428,2665961
SWITZERLAND,85+,0.575940925799421,1.14363756170227,2.86603878794045,1.27901573594864,2.74114620743828,5.61404368038464,17705,40144,100279,41508,100711,206322
SWITZERLAND,80 - 84,1.15874564913308,1.52313128329045,3.54788730421899,2.15806943439575,2.53477976737913,4.87039145820324,35621,53465,124136,70036,93129,178992
SWITZERLAND,75 - 79,2.24215217462021,2.5961176604316,4.31816434501301,3.45640537046099,3.73400231406947,5.03716220352888,68926,91129,151087,112171,137189,185121
SWITZERLAND,70 - 74,3.34741875670928,3.34276963469064,4.8926639478849,4.4397326848484,4.22272768965667,5.17220596418334,102903,117338,171188,144083,155145,190084
SWITZERLAND,65 - 69,4.09879314270844,4.12582975970336,5.60746595115967,4.80570719327719,4.59033322110468,5.58171807336117,126001,144825,196198,155960,168651,205134
SWITZERLAND,60 - 64,4.28027715428906,4.82162997410691,6.24175626937947,4.55537656210135,4.92538609331889,5.97705371683258,131580,169249,218391,147836,180961,219663
SWITZERLAND,55 - 59,5.35841384470252,6.19075307040647,6.67006585838689,5.59293601716694,5.95583017854698,6.24839290305991,164723,217308,233377,181508,218820,229635
SWITZERLAND,50 - 54,5.7321817767802,7.05172891710251,6.68972934412272,5.81836916557689,6.67571753981373,6.26401150443321,176213,247530,234065,188824,245269,230209
SWITZERLAND,45 - 49,6.2958914804333,7.14460103874334,6.4437071272419,6.04432614716384,6.7720418383325,6.07141836763848,193542,250790,225457,196157,248808,223131
SWITZERLAND,40 - 44,6.666504017436,7.98557804206765,6.33861608501714,6.24748097869293,7.41699820388797,5.98494464783999,204935,280310,221780,202750,272504,219953
SWITZERLAND,35 - 39,7.83019420318142,8.84398993448527,6.43641906203458,7.16841051758416,8.29044919675769,6.10322698263043,240708,310442,225202,232637,304595,224300
SWITZERLAND,30 - 34,8.2698350736801,8.20086473631297,6.43807673961115,7.67591242495319,7.98245095939165,6.19609507755561,254223,287867,225260,249107,293279,227713
SWITZERLAND,25 - 29,7.43329755050259,6.70662067122614,6.21620517018204,7.21755839507375,6.56521269325079,6.0042638237547,228507,235416,217497,234232,241209,220663
SWITZERLAND,20 - 24,7.54337854981946,5.94028322578495,5.92662604594453,7.17897962227314,5.59467529947222,5.55469843718751,231891,208516,207365,232980,205551,204141
SWITZERLAND,15 - 19,8.38092449822712,6.10132804285108,5.59886317615025,7.61037165039497,5.4928529765678,5.06309343542565,257638,214169,195897,246980,201810,186074
SWITZERLAND,10 - 14,8.05497543996617,6.20821644788065,5.2994808896927,7.29200433364106,5.60714111713868,4.77787709466804,247618,217921,185422,236648,206009,175592
SWITZERLAND,5 - 9,6.80150287889138,6.23283040895356,5.20956617148789,6.10293383555582,5.60940020636644,4.71167490452654,209085,218785,182276,198059,206092,173159
SWITZERLAND,0 - 4,5.9297030025048,5.84017505540278,5.25866772453171,5.35653318575617,5.28896336927644,4.76772772478609,182285,205002,183994,173836,194319,175219
UNITED KINGDOM,85+,0.510388137381642,1.06629209371063,5.05317406360679,1.54851753196255,2.69280489898947,6.87610064565493,139853,305924,1728330,447702,813109,2404833
UNITED KINGDOM,80 - 84,1.00971475699532,1.57680691658723,4.01883363025296,2.26552256508898,2.62690791361593,4.75432030672112,276675,452393,1374556,655000,793211,1662766
UNITED KINGDOM,75 - 79,2.23511268788933,2.87618353842481,4.40443297444813,3.67507536407812,3.90120221098328,4.90958800862017,612450,825190,1506442,1062525,1177992,1717069
UNITED KINGDOM,70 - 74,3.62491885878566,3.67704236078556,4.5988202331273,4.79028317025952,4.25101459268175,4.88197304324181,993275,1054960,1572928,1384950,1283620,1707411
UNITED KINGDOM,65 - 69,4.65215103091995,4.31892842391806,5.43105183107646,5.40257955512193,4.51150936982075,5.59526148009695,1274750,1239120,1857575,1561975,1362278,1956875
UNITED KINGDOM,60 - 64,4.84155808211018,4.9485281687809,6.15817525663571,5.21078837003157,4.90314901683572,6.09425801435875,1326650,1419755,2106272,1506525,1480536,2131393
UNITED KINGDOM,55 - 59,5.97343856239245,5.60735715194429,6.32498587325697,6.02827884065566,5.44371094942097,6.12860945296463,1636800,1608776,2163326,1742875,1643762,2143407
UNITED KINGDOM,50 - 54,5.78248049007013,6.95533531192435,6.12775967061701,5.61348068245979,6.713686738952,5.90274316852706,1584475,1995517,2095869,1622950,2027239,2064413
UNITED KINGDOM,45 - 49,5.70018513353179,6.4567756866832,6.0385653725614,5.37724374933677,6.23590544521117,5.81673876351405,1561925,1852478,2065362,1554650,1882970,2034334
UNITED KINGDOM,40 - 44,5.89999314996079,7.0429533172188,6.19053804829591,5.50202043107049,6.7995899404599,5.95961718761393,1616675,2020655,2117341,1590725,2053178,2084304
UNITED KINGDOM,35 - 39,6.38938593540606,7.93826865734068,6.23163402802088,5.95045554643505,7.70642028652173,5.99393145552712,1750775,2277525,2131397,1720375,2327001,2096305
UNITED KINGDOM,30 - 34,7.6705293905184,7.93835927983005,6.29586257686821,7.15066368397074,7.66364917555082,6.02373377320559,2101825,2277551,2153365,2067375,2314086,2106728
UNITED KINGDOM,25 - 29,7.08278361799072,7.02302334051923,6.18199782655596,6.57399307379599,6.75343423208966,5.87764723239889,1940775,2014937,2114420,1900650,2039241,2055636
UNITED KINGDOM,20 - 24,7.72654862434827,6.12253903302318,5.81904863567107,7.0895291628441,5.79632175069128,5.43494428256131,2117175,1756584,1990281,2049700,1750235,1900806
UNITED KINGDOM,15 - 19,8.73124537179856,6.44693617562638,5.36570934026305,7.91056491687158,5.90467192007846,4.97850533213587,2392475,1849655,1835226,2287075,1782952,1741172
UNITED KINGDOM,10 - 14,8.50616483457009,6.86905224560786,5.2413396201762,7.6438039583487,6.21983026343395,4.91220139424409,2330800,1970762,1792688,2209950,1878116,1717983
UNITED KINGDOM,5 - 9,7.27958082869271,6.79517400389328,5.24996463014978,6.52634792366759,6.14003390889704,4.93609071250213,1994700,1949566,1795638,1886875,1854021,1726338
UNITED KINGDOM,0 - 4,6.38382050663795,6.34044429418151,5.26810638841625,5.74085147400086,5.73615738576611,4.92373574611159,1749250,1819102,1801843,1659775,1732068,1722017
UNTED STATES,85+,0.621195958183301,0.901671596122558,3.74943184770541,1.35450857926568,2.11767211387608,6.14428487854426,688652,1250145,7749031,1582979,3044935,13112423
UNTED STATES,80 - 84,0.925684377984082,1.33560806144008,2.68080691805295,1.65065189306893,2.17381144384673,3.41805775186557,1026205,1851787,5540481,1929074,3125656,7294424
UNTED STATES,75 - 79,1.67967327162976,2.20333241383115,3.3161949323029,2.53942666972757,3.04643755575612,3.84857772828187,1862070,3054865,6853651,2967762,4380378,8213190
UNTED STATES,70 - 74,2.59029888941869,2.81372934522592,4.00326286844111,3.3967161912548,3.43803513221399,4.32268969970673,2871581,3901165,8273629,3969654,4943444,9224985
UNTED STATES,65 - 69,3.53222190410058,3.1731011696815,4.79569091797129,4.18738747878226,3.56677009009222,4.93535569875847,3915788,4399425,9911357,4893691,5128548,10532466
UNTED STATES,60 - 64,4.23723960856244,3.72615988147091,5.32131619347105,4.65939505817546,3.96495727955627,5.33554838466376,4697364,5166227,10997678,5445314,5701089,11386511
UNTED STATES,55 - 59,4.94147433687423,4.72990689495805,5.59754307279899,5.24823846731667,4.87586226216331,5.51459846613008,5478072,6557897,11568562,6133480,7010851,11768619
UNTED STATES,50 - 54,5.06726198111368,6.29226627304299,5.52482838531032,5.20113722386729,6.32820810040993,5.3888016654336,5617519,8724069,11418281,6078434,9099134,11500158
UNTED STATES,45 - 49,4.84986522526891,7.18474477063363,5.91958841631769,4.85755553240111,7.14461212098215,5.73358839102752,5376515,9961468,12234140,5676899,10273016,12235962
UNTED STATES,40 - 44,5.1932688225933,8.06927072590411,6.1966905950492,5.12511517005302,7.90189114312614,5.95250755958827,5757209,11187841,12806833,5989589,11361884,12703154
UNTED STATES,35 - 39,6.27885262602804,8.15603969912588,6.42437827577717,6.12645084617821,7.88831480164924,6.11797664167447,6960677,11308144,13277400,7159824,11342363,13056279
UNTED STATES,30 - 34,7.97048973714913,7.49542115751021,6.48729338403954,7.67914214710495,7.11643430984142,6.14191055829243,8836010,10392213,13407428,8974414,10232500,13107356
UNTED STATES,25 - 29,8.91988530301448,7.05884706773551,6.47183605139926,8.47455556105752,6.62528941441228,6.09279582034166,9888501,9786914,13375482,9903993,9526298,13002541
UNTED STATES,20 - 24,9.81866975960287,7.09256423156493,6.51555360347821,9.16000845847494,6.51676631227925,6.04689885566292,10884885,9833662,13465834,10705064,9370256,12904593
UNTED STATES,15 - 19,9.72331084171199,7.50127773683542,6.58147105159636,8.88716676625389,6.8356820220947,6.08285478932868,10779171,10400333,13602067,10386201,9828815,12981326
UNTED STATES,10 - 14,8.40094801453305,7.61394836975263,6.66876728846359,7.63525394673141,6.98547174980396,6.18134386132643,9313212,10556548,13782484,8923123,10044193,13191510
UNTED STATES,5 - 9,7.6596482055684,7.56228569481599,6.80280857788964,6.94029198201658,6.9484899374975,6.30769780960124,8491414,10484919,14059510,8110939,9991018,13461160
UNTED STATES,0 - 4,7.59001113666307,7.08982491034854,6.94253761993531,6.8769980282697,6.5252942103987,6.43451143977206,8414215,9829864,14348291,8036969,9382518,13731791
OECD-total,85+,0.439602406326324,0.833410636443514,3.84114772272403,1.01625347348767,1.98742969643368,6.5242505618867,2081880,4621218,25045987.9048872,5009868,11430180,44491620.9459057
OECD-total,80 - 84,0.832930508399186,1.13166234766855,3.46970331919127,1.53658165873879,1.95681941420119,4.47220441724049,3944613,6275008,22624005.5418601,7574952,11254133,30497851.3374153
OECD-total,75 - 79,1.65871484879767,2.16757301764259,4.49781522281927,2.5380507902222,3.18922307049958,5.23511140128502,7855383,12019078,29327751.4433262,12511937,18341979,35700436.3744434
OECD-total,70 - 74,2.5751231065904,3.07110893821797,5.16323143808762,3.46862311609229,3.78771862208296,5.55589974767069,12195332,17029137,33666560.4874907,17099419,21784069,37888027.6350598
OECD-total,65 - 69,3.3414637367765,3.74765153536006,5.73924673896384,4.12070098037736,4.15766127129442,5.86925706785507,15824587,20780530,37422435.8924972,20313995,23911697,40024943.5885507
OECD-total,60 - 64,3.43911240720822,4.36530466314285,6.06061317343124,3.98191766833358,4.57769748819619,5.98232089808663,16287034,24205384,39517887.6719458,19629829,26327425,40795973.6140898
OECD-total,55 - 59,4.64521718956731,4.98630660548234,6.23481123615345,5.13884420771863,5.02683370364785,6.02191345355204,21998935,27648807,40653736.3523244,25333179,28910514,41065971.9768654
OECD-total,50 - 54,5.26337835319226,6.23069933165081,6.1509871395265,5.35155653239629,6.1251159620015,5.8762804312602,24926438,34548899,40107166.0400616,26381796,35226996,40072838.8708398
OECD-total,45 - 49,5.55596624313503,6.68869485345851,6.23866924253483,5.41531949692724,6.54044640897627,5.91605943886492,26312083,37088460,40678892.2661659,26696131,37615660,40344108.7295256
OECD-total,40 - 44,5.90152632017208,7.30346499618536,6.27559465177214,5.70507458709974,7.06335422703991,5.91132859373242,27948595,40497328,40919662.3223835,28124549,40623027,40311847.0978804
OECD-total,35 - 39,6.38618402452109,7.74493520292708,6.24649958936741,6.11194532641072,7.42838784571821,5.84770157365455,30243849,42945257,40729949.6027269,30130317,42722422,39877947.5668355
OECD-total,30 - 34,7.66472434047049,7.69162667035877,6.10429752561531,7.25153688350006,7.34414979983264,5.68985182606804,36298792,42649664,39802729.0358857,35748210,42237949,38801503.4497053
OECD-total,25 - 29,8.04074922661044,7.68110934754559,5.93177891354161,7.60224322951258,7.29963346670405,5.50330221634321,38079580,42591346,38677831.119098,37477102,41981925,37529342.8475405
OECD-total,20 - 24,8.62180386590944,7.46497924742198,5.76670059588054,8.07623187528072,6.9736154518678,5.29481075045034,40831353,41392916,37601447.2239829,39813744,40106918,36107551.4581738
OECD-total,15 - 19,9.17162149693944,7.47877432911115,5.67152899821535,8.45201985557639,6.89662628080698,5.16774091975969,43435193,41469409,36980886.1687781,41666282,39664135,35241008.5982512
OECD-total,10 - 14,9.02297220725973,7.35622924945311,5.59870139235258,8.27035945666096,6.75436315670085,5.10076307419376,42731216,40789903,36506017.8566875,40770743,38845946,34784258.3725469
OECD-total,5 - 9,8.91590300262055,7.2068186300846,5.53534798676642,8.16436020951163,6.60609419461628,5.04457678002074,42224155,39961429,36092925.5351771,40248194,37993216,34401100.295004
OECD-total,0 - 4,8.52301959604777,6.84982947980192,5.47332449960143,7.79839343172517,6.28555534848901,4.98659795999874,40363528,37981943,35688504.8720083,38444072,36149721,34005718.2263907